,0,1,2,3,4,5
OH-MG805E-A.jpg,683,140,1111,2839,1097,2445
OH-MG805W-B.jpg,548,165,1005,2063,1028,1867
MN-MG790W-B.jpg,747,419,907,1883,870,1685
MB-SD004-W-A.jpg,576,179,614,1654,653,1395
MO-MG403-E-B.jpg,928,105,638,2248,683,2025
IA-MG243-S-A.jpg,933,152,905,2219,920,1919
IL-MG604-N-B.jpg,728,123,891,2541,841,2306
MB-MG530-W-B.jpg,458,194,466,1964,493,1710
IA-MG245-S-B.jpg,435,270,1078,2457,1025,2230
IL-SF001-E-B.jpg,871,82,697,1837,738,1523
MB-SD005-N-B.jpg,522,126,655,1758,649,1614
MB-MG529-S-B.jpg,674,7,924,2080,883,1857
MB-SD005-S-B.jpg,582,176,653,1696,647,1591
IL-MG603-N-A.jpg,1045,50,1510,3284,1459,3051
MB-MG513-W-A.jpg,633,52,641,2031,657,1763
IA-MG245-W-A.jpg,621,67,1089,1982,1019,1794
MN-SD001-S-A.jpg,685,57,677,1945,667,1672
IL-SF003-W-A.jpg,707,65,968,2281,947,2026
MO-MG404-N-B.jpg,707,22,653,2155,649,1924
MB-MG529-W-B.jpg,555,5,789,1817,749,1665
MO-MG404-W-A.jpg,783,18,732,2421,689,2185
MO-MG404-S-A.jpg,704,125,601,2169,611,1985
MB-SD004-S-A.jpg,612,311,687,1849,711,1679
MN-MG788W-B.jpg,1394,245,1053,2788,1006,2461
IL-SF003-E-A.jpg,663,86,512,2230,510,2012
MO-MG404-N-A.jpg,620,12,790,2082,720,1908
MB-SD004-E-B.jpg,572,325,675,1699,697,1462
MN-SD002-E-B.jpg,1107,135,1354,1837,1360,1598
IL-SF001-W-A.jpg,772,120,753,2201,746,1876
MN-MG788S-A.jpg,1283,105,1542,3252,1482,2954
IA-MG245-E-B.jpg,648,35,1100,2717,1004,2343
MO-MG402-N-B.jpg,661,592,705,2222,711,2130
IN-MG631-E-B.jpg,874,88,756,2536,778,2203
