,0,1,2,3,4,5,6,7
IA-MG245-W-B.jpg,1118,602,940,1238,332,630,1115,1597
MB-MG529-W-B.jpg,159,453,929,383,832,260,341,247
MB-MG513-W-B.jpg,813,287,482,176,737,1225,531,1212
MO-MG403-N-B.jpg,791,1737,383,472,1231,532,1288,800
MB-MG516-S-A.jpg,854,1047,489,420,391,1200,909,893
MO-MG402-N-B.jpg,471,765,807,1811,761,634,540,663
IN-MG636-S-A.jpg,304,602,1003,1683,1005,213,308,371
MN-SD002-W-B.jpg,1011,452,410,289,773,252,903,1528
MN-MG790E-B.jpg,853,272,1026,1514,1305,414,1024,2184
OH-MG799S-A.jpg,968,354,1591,1740,563,1077,1045,1793
MB-MG528-S-A.jpg,737,100,386,889,904,730,492,1141
MB-SD004-S-A.jpg,634,1361,494,589,785,1030,676,1180
IL-MG604-N-A.jpg,862,2283,738,443,1469,501,887,294
MB-MG518-N-B.jpg,267,1028,670,588,333,509,629,1085
IL-MG603-S-A.jpg,1172,412,890,282,760,2315,772,1992
IL-MG604-N-B.jpg,752,140,796,154,653,1979,625,1762
MB-MG513-E-B.jpg,650,1211,387,659,871,1149,940,511
OK-MG282-N-B.jpg,928,1239,413,1490,1087,336,391,483
MN-MG788W-B.jpg,744,1351,1502,525,548,717,1184,1937
MN-MG788E-A.jpg,787,2154,975,269,589,1011,835,642
MB-MG517-S-B.jpg,747,1203,341,1262,753,1067,204,799
MN-MG789S-A.jpg,1278,1824,900,1692,1651,670,727,1967
IA-MG244-W-B.jpg,987,277,638,157,1140,1290,348,466
IA-MG243-W-A.jpg,659,1391,823,571,943,1452,897,1310
IA-MG244-S-D.jpg,474,254,635,1338,995,1049,291,901
MB-MG516-S-B.jpg,440,1298,509,425,697,411,816,995
IN-MG638-N-B.jpg,1205,528,703,1770,837,518,950,1659
MO-MG404-S-B.jpg,790,268,434,1027,809,1359,390,166
IL-MG604-S-A.jpg,424,408,683,498,298,706,1106,2233
MN-SD001-S-A.jpg,405,385,562,205,952,647,397,722
MB-MG530-E-A.jpg,619,1005,768,535,769,1160,476,1114
IA-MG244-W-A.jpg,353,108,285,358,518,169,271,980
MB-MG516-E-B.jpg,623,482,747,401,860,507,928,1014
MB-MG529-E-B.jpg,460,434,989,612,600,315,368,808
IL-SF001-S-A.jpg,314,386,722,1060,561,291,920,1278
IA-MG243-S-B.jpg,873,1143,407,250,329,666,274,265
MN-MG790W-A.jpg,1069,1328,1088,500,951,1254,1046,1140
IA-MG245-E-B.jpg,737,1952,1076,344,934,198,599,184
MN-SD002-N-B.jpg,798,783,1160,1268,817,356,1215,339
IA-MG245-W-A.jpg,955,1087,821,1182,900,206,396,469
OK-MG282-E-B.jpg,810,744,370,822,563,967,330,447
MB-MG518-W-B.jpg,560,567,577,1067,209,678,297,486
MN-SD002-W-A.jpg,586,100,647,979,509,176,503,846
MN-SD001-S-B.jpg,496,470,269,943,418,781,872,922
MB-MG528-E-A.jpg,175,770,1287,543,404,340,560,1214
MB-SD004-N-A.jpg,550,890,762,1132,823,494,520,503
IL-SF002-E-B.jpg,761,1208,638,703,758,1050,455,1049
MB-MG517-W-B.jpg,295,390,547,326,371,241,251,750
MN-MG789E-A.jpg,1120,272,713,1304,750,304,444,510
MB-MG516-E-A.jpg,525,400,742,939,681,1114,281,512
MN-SD002-E-B.jpg,1061,263,1159,198,1241,222,1166,1231
IN-MG631-E-A.jpg,837,293,442,1148,1161,1665,1402,370
MO-MG404-N-B.jpg,904,1577,897,1413,479,130,1032,593
MB-MG528-S-B.jpg,261,327,503,1223,696,136,803,199
MB-MG513-N-B.jpg,891,1076,547,628,885,898,621,885
IN-MG636-E-B.jpg,262,732,773,1479,730,169,1030,530
MB-MG513-W-A.jpg,601,996,787,1262,543,1289,777,963
MO-MG402-E-B.jpg,627,1233,856,602,452,1640,268,389
IN-MG638-W-B.jpg,901,305,466,817,562,583,1314,444
MB-MG517-S-A.jpg,1081,883,696,407,385,611,378,1340
IL-MG604-S-B.jpg,664,260,503,320,524,1369,553,1618
MB-SD004-W-B.jpg,410,469,659,946,742,1136,591,336
MO-MG404-W-A.jpg,600,1483,795,1459,886,487,438,1088
MB-SD005-S-B.jpg,370,462,793,1068,814,828,345,579
MN-MG790W-B.jpg,811,518,708,1276,850,1107,882,1518
MN-SD002-S-A.jpg,912,93,506,271,978,103,1143,1283
IL-SF001-N-A.jpg,810,202,656,693,767,1165,1037,1439
OH-MG805N-B.jpg,627,1016,1297,2074,1307,1875,1168,1644
MB-SD004-N-B.jpg,651,1049,480,1032,626,570,726,1177
IN-MG638-S-A.jpg,1080,1790,915,139,768,1876,1012,1175
MB-MG528-W-A.jpg,370,423,910,203,628,232,511,1382
OH-MG805N-A.jpg,1806,2521,1491,1282,1562,2263,1119,570
MO-MG403-W-A.jpg,739,279,258,915,246,412,860,1511
IL-SF002-S-A.jpg,721,901,803,502,564,1056,577,382
IL-SF003-N-A.jpg,202,633,884,1125,291,1064,269,313
MN-MG788S-B.jpg,494,967,1072,1790,1487,1110,706,584
MN-MG788S-A.jpg,1101,2216,990,1742,1356,1885,1721,685
MO-MG403-S-A.jpg,1044,2366,503,1138,1149,1034,1127,523
MB-MG529-N-A.jpg,896,399,780,236,218,310,700,165
MN-MG788N-B.jpg,1259,567,971,268,1185,1016,1111,1537
MB-SD004-E-A.jpg,740,1029,890,416,573,852,700,837
MN-SD001-W-B.jpg,1067,680,694,627,971,1065,742,266
OH-MG805E-B.jpg,1138,934,1343,1967,1081,395,1322,1693
IL-SF003-S-A.jpg,886,1478,659,200,391,341,285,477
MB-MG513-S-B.jpg,1009,1334,929,295,1022,630,798,998
IA-MG244-N-A.jpg,1138,1639,490,227,514,925,509,500
MB-SD005-N-B.jpg,395,279,684,285,457,206,477,1093
OH-MG805W-B.jpg,503,240,1193,1594,521,590,832,1631
MB-MG517-N-B.jpg,708,442,370,650,778,678,887,1245
MN-SD001-E-A.jpg,444,355,983,745,977,443,882,1208
IN-MG631-S-B.jpg,1246,420,1023,290,674,1530,400,361
IL-MG604-E-A.jpg,849,2327,424,1117,1057,325,842,241
IN-MG636-S-B.jpg,459,625,697,86,1095,1767,714,1798
MB-MG530-N-B.jpg,658,1226,480,1234,762,757,294,410
MO-MG402-E-A.jpg,322,119,677,690,568,1085,433,523
MB-MG530-W-B.jpg,612,1207,859,772,664,345,153,731
IN-MG636-E-A.jpg,627,265,716,93,229,650,1093,426
IL-SF003-W-B.jpg,1115,706,379,339,317,598,1104,1578
OH-MG805E-A.jpg,1044,1824,839,1035,713,384,1180,1955
MN-SD001-N-A.jpg,464,1161,519,322,276,695,389,482
IL-SF001-W-B.jpg,756,125,642,1043,1140,324,430,332
IN-MG631-E-B.jpg,591,1675,691,1448,882,123,966,186
MB-MG529-E-A.jpg,603,1243,951,1201,1114,702,839,226
IN-MG638-E-B.jpg,1131,773,652,1682,1220,430,690,1454
IN-MG638-S-B.jpg,1249,447,976,1613,1021,306,1104,294
IL-SF003-W-A.jpg,1043,135,285,711,301,547,1422,533
IN-MG638-N-A.jpg,584,1510,775,1361,1012,264,486,1625
MB-MG516-W-A.jpg,574,771,628,1174,876,395,1117,782
IL-SF002-N-A.jpg,486,975,433,619,785,574,715,1100
MN-SD002-E-A.jpg,312,730,806,1631,865,248,676,1243
IL-MG604-W-B.jpg,1130,482,1135,2222,765,182,566,628
IN-MG636-N-A.jpg,602,383,1350,1054,855,237,1081,1892
MB-MG529-W-A.jpg,729,1110,281,197,682,171,379,1338
MB-MG517-E-A.jpg,239,727,404,419,839,710,198,1124
IN-MG631-S-A.jpg,743,1558,244,1052,800,36,263,752
MB-SD004-S-B.jpg,726,840,516,1086,792,467,505,614
MO-MG404-N-A.jpg,488,1525,186,405,228,763,688,41
MN-MG789W-A.jpg,645,408,871,1489,1275,1454,1412,897
IL-SF002-W-B.jpg,614,614,651,1125,497,1268,436,739
MB-MG530-W-A.jpg,435,408,828,515,502,1473,353,483
MN-MG790N-B.jpg,1229,1164,1380,1396,543,424,1245,416
MB-MG529-S-B.jpg,929,157,256,335,926,1056,711,27
MB-MG528-E-B.jpg,774,906,550,41,718,1359,367,144
MO-MG402-W-A.jpg,559,330,601,1057,738,266,812,621
IN-MG631-N-A.jpg,611,455,903,37,1551,435,1056,369
MO-MG404-W-B.jpg,860,460,580,104,284,340,728,1275
MB-MG530-N-A.jpg,205,921,806,725,440,1605,590,423
MB-SD004-W-A.jpg,452,608,612,232,573,1110,478,428
IA-MG245-S-B.jpg,1097,1847,975,1470,464,426,826,1538
MN-SD001-W-A.jpg,672,107,493,640,800,122,564,401
MB-SD004-E-B.jpg,600,1133,798,1139,603,324,698,539
MB-MG518-S-B.jpg,634,416,684,1134,371,584,523,370
OH-MG805S-B.jpg,1146,1485,831,1125,1272,1861,803,323
MB-MG530-E-B.jpg,630,342,754,448,690,1089,743,1345
MO-MG403-E-B.jpg,766,219,520,1492,942,1260,1112,205
IL-SF003-E-A.jpg,554,634,481,157,909,230,337,1500
MB-MG517-E-B.jpg,407,393,791,567,416,1285,356,1081
IA-MG244-S-B.jpg,711,1432,1108,1588,652,1108,786,144
IN-MG636-N-B.jpg,1117,387,659,111,1179,505,1231,728
IA-MG243-S-A.jpg,944,732,660,1456,901,1233,695,793
IL-SF001-W-A.jpg,330,463,603,279,658,1408,960,269
MO-MG403-W-B.jpg,837,1491,605,533,1075,825,559,1439
IL-SF001-N-B.jpg,643,358,617,979,1040,267,851,170
IN-MG638-E-A.jpg,341,864,1192,1839,1379,435,932,1521
MN-SD003-S-A.jpg,1230,1864,664,226,314,864,1026,625
MO-MG404-S-A.jpg,350,383,875,1435,993,580,462,1151
MB-MG518-N-A.jpg,854,545,985,947,729,283,319,726
MN-SD001-N-B.jpg,973,172,510,683,1040,734,708,1087
IL-SF001-E-B.jpg,522,1105,965,1176,987,247,702,935
IL-MG603-E-B.jpg,492,574,579,534,671,490,920,690
MB-MG530-S-B.jpg,843,341,411,275,496,1240,325,404
MB-MG518-S-A.jpg,746,1176,372,447,777,1445,417,1260
