,0,1,2,3,4,5,6,7,8,9,10,11,12,13,14,15,16,17,18,19
MB-SD004-W-A.jpg,584,313,576,202,589,308,679,1027,686,1191,578,222,690,969,576,261,584,265,640,544
IL-MG603-N-A.jpg,1026,462,1465,3020,1042,97,1040,242,1166,1375,1446,2919,1433,2948,1393,2753,1214,1692,1283,2193
OH-MG805E-A.jpg,918,614,1113,2362,1097,2135,1092,2346,1033,1403,1005,1049,1074,1686,1026,1240,1109,2077,1081,1642
IL-SF003-E-A.jpg,527,1826,660,132,617,889,522,1877,668,123,661,403,553,1386,566,1349,568,1250,629,882
IL-SF001-E-B.jpg,854,141,802,1028,841,325,745,1412,736,1490,859,163,746,1495,819,448,832,256,827,482
MB-MG530-W-B.jpg,538,1130,515,1590,534,1433,470,332,547,1209,534,1240,465,251,546,1275,500,1638,523,1446
MO-MG402-N-B.jpg,665,715,659,721,692,1134,680,1120,715,1882,728,1832,719,1726,709,1495,703,1353,707,1434
IL-SF003-W-A.jpg,954,2013,936,1983,732,195,718,123,948,1961,947,1883,709,80,735,165,899,1300,915,1505
IA-MG245-E-B.jpg,938,1430,945,1507,976,2237,941,1804,931,1320,950,1591,936,1542,941,1472,927,1446,955,1837
MB-MG529-W-B.jpg,661,1333,719,1551,589,996,742,1623,661,1368,735,1641,608,1066,552,110,716,1579,550,18
MN-MG790W-B.jpg,855,1656,843,1560,699,581,711,515,709,713,698,745,748,1291,742,1242,833,1567,870,1654
IA-MG245-S-B.jpg,913,1565,947,1771,570,447,1011,2213,1015,2141,922,1550,812,970,477,314,909,1394,921,1656
IL-MG604-N-B.jpg,756,1534,780,849,790,1846,778,1814,744,1516,821,2110,827,2231,788,1828,730,1375,750,1486
MN-SD002-E-B.jpg,1347,1479,1228,585,1319,1111,1137,260,1332,1129,1310,1008,1352,1560,1362,1518,1114,165,1269,746
MO-MG403-E-B.jpg,785,1174,928,154,929,219,690,1914,812,943,687,1946,750,1376,878,513,757,1286,738,1652
MO-MG404-N-B.jpg,665,1890,637,1909,683,1776,697,287,715,1234,681,372,735,1211,697,1512,707,110,727,889
MB-MG529-S-B.jpg,858,1755,767,1269,875,1797,768,1231,811,1475,808,1517,870,1817,671,151,675,296,756,1118
OH-MG805W-B.jpg,961,1350,979,1500,1029,1813,1007,1589,1005,1711,860,1003,921,1179,947,1224,552,200,1033,1854
MN-MG788W-B.jpg,1315,430,972,2208,945,1818,992,2235,1179,661,1376,300,961,2028,938,1547,1263,505,970,1789
MB-SD004-E-B.jpg,676,982,581,410,629,622,703,1406,625,654,581,371,690,1196,670,912,684,941,693,1390
MB-MG513-W-A.jpg,663,1747,675,1374,631,95,667,1700,702,999,689,1294,684,767,686,1116,687,1348,655,1678
MO-MG404-N-A.jpg,698,1777,727,1881,614,55,662,916,713,1746,620,54,676,1270,615,88,653,1020,706,1863
IN-MG631-E-B.jpg,770,1371,770,1581,781,1587,770,1498,772,2062,783,2147,778,962,772,2145,780,1793,849,184
MB-SD005-N-B.jpg,617,979,636,1424,550,434,620,1181,521,176,644,1602,526,174,524,249,606,927,577,661
MO-MG404-S-A.jpg,656,1275,640,1733,606,1951,664,1121,674,522,643,1266,625,1901,651,1522,608,1900,619,1959
MN-SD001-S-A.jpg,655,1574,667,402,663,709,675,369,669,334,682,108,655,1242,672,1635,672,704,690,83
MO-MG404-W-A.jpg,763,194,692,2116,644,1456,656,1855,651,1165,703,494,673,2077,709,378,635,1164,638,1611
IA-MG245-W-A.jpg,892,1216,626,100,630,90,659,200,1018,1763,905,1224,937,1406,887,1076,1003,1708,995,1739
MB-SD005-S-B.jpg,647,1439,626,1009,624,548,640,1462,643,1538,635,1111,618,424,602,305,630,1190,633,962
IA-MG243-S-A.jpg,918,1844,850,1352,894,1750,900,222,903,196,837,1255,874,1538,924,1905,830,1192,802,953
MB-SD004-S-A.jpg,718,952,732,1185,711,1615,728,1578,659,664,718,1571,739,1090,628,475,737,1291,721,1412
MN-MG788S-A.jpg,1192,1777,1225,312,1225,370,1179,690,1217,1890,1401,2657,1225,395,1462,2879,1250,1976,1260,161
IL-SF001-W-A.jpg,744,1508,737,1854,751,1437,753,1822,781,184,784,319,734,1508,734,1447,774,184,803,552
