filename,count,classes,locations
IA-MG244-N-A.jpg,26,"[1, 1, 1, 1, 1, 1, 1, 1, 1, 1, 1, 1, 1, 2, 2, 2, 2, 2, 2, 2, 2, 2, 2, 2, 2, 2]","[(1462, 1091), (472, 954), (372, 743), (1570, 802), (925, 514), (227, 490), (500, 509), (139, 625), (640, 1156), (1281, 976), (1327, 821), (656, 371), (1639, 1138), (1502, 1224), (389, 1123), (220, 908), (1637, 733), (1025, 118), (229, 445), (569, 418), (101, 681), (593, 1409), (1222, 1252), (1426, 548), (767, 249), (1642, 1175)]"
IA-MG244-S-B.jpg,30,"[1, 1, 1, 1, 1, 1, 1, 1, 1, 1, 1, 1, 1, 1, 1, 2, 2, 2, 2, 2, 2, 2, 2, 2, 2, 2, 2, 2, 2, 2]","[(1316, 1056), (121, 602), (144, 786), (222, 903), (330, 361), (218, 476), (1108, 652), (1712, 823), (105, 685), (342, 1126), (827, 1139), (1432, 711), (532, 262), (1588, 1108), (167, 553), (1347, 1246), (125, 579), (150, 850), (183, 1033), (377, 193), (204, 390), (1279, 342), (1791, 713), (94, 716), (284, 1297), (808, 1448), (1518, 643), (637, 47), (1652, 1203), (175, 507)]"
IL-MG604-S-B.jpg,30,"[1, 1, 1, 1, 1, 1, 1, 1, 1, 1, 1, 1, 1, 1, 1, 2, 2, 2, 2, 2, 2, 2, 2, 2, 2, 2, 2, 2, 2, 2]","[(939, 736), (254, 609), (260, 664), (288, 711), (415, 426), (320, 503), (1369, 524), (1600, 781), (239, 641), (379, 771), (532, 827), (1618, 553), (864, 397), (1421, 710), (276, 561), (965, 1040), (242, 587), (252, 682), (278, 736), (400, 319), (294, 454), (1472, 358), (1617, 820), (237, 649), (381, 822), (535, 960), (1667, 534), (905, 73), (1379, 887), (260, 535)]"
MB-MG517-E-B.jpg,22,"[1, 1, 1, 1, 1, 1, 1, 1, 1, 1, 1, 2, 2, 2, 2, 2, 2, 2, 2, 2, 2, 2]","[(387, 687), (393, 407), (567, 791), (539, 322), (1081, 356), (346, 581), (1450, 838), (891, 851), (1182, 901), (773, 266), (1285, 416), (344, 776), (369, 316), (542, 919), (522, 193), (1134, 276), (318, 627), (1451, 901), (945, 934), (1176, 1001), (815, 155), (1305, 409)]"
MO-MG404-N-A.jpg,20,"[1, 1, 1, 1, 1, 1, 1, 1, 1, 1, 2, 2, 2, 2, 2, 2, 2, 2, 2, 2]","[(496, 1132), (763, 228), (244, 256), (1127, 838), (41, 688), (1525, 488), (275, 1029), (1433, 894), (405, 186), (1242, 508), (503, 1195), (755, 32), (265, 203), (1118, 1108), (38, 718), (1577, 410), (320, 1107), (1475, 973), (449, 85), (1301, 219)]"
MB-SD004-N-A.jpg,14,"[1, 1, 1, 1, 1, 1, 1, 2, 2, 2, 2, 2, 2, 2]","[(494, 823), (890, 550), (388, 695), (910, 725), (1110, 527), (1132, 762), (503, 520), (463, 971), (834, 316), (350, 771), (856, 902), (1096, 430), (1133, 832), (433, 347)]"
MB-SD004-W-A.jpg,20,"[1, 1, 1, 1, 1, 1, 1, 1, 1, 1, 2, 2, 2, 2, 2, 2, 2, 2, 2, 2]","[(941, 743), (428, 478), (232, 612), (1108, 823), (329, 681), (940, 605), (489, 809), (1110, 573), (251, 499), (608, 452), (397, 999), (570, 237), (255, 452), (870, 957), (230, 640), (1099, 497), (230, 773), (1121, 877), (410, 316), (916, 335)]"
IN-MG638-N-B.jpg,19,"[1, 1, 1, 1, 1, 1, 1, 1, 1, 2, 2, 2, 2, 2, 2, 2, 2, 2, 2]","[(1389, 927), (514, 616), (518, 837), (1659, 950), (528, 1205), (1512, 769), (982, 1107), (1770, 703), (1156, 752), (1437, 1420), (454, 571), (331, 956), (1727, 1188), (537, 1438), (1510, 399), (1091, 1642), (1868, 609), (426, 639), (937, 181)]"
MB-MG516-W-A.jpg,16,"[1, 1, 1, 1, 1, 1, 1, 1, 2, 2, 2, 2, 2, 2, 2, 2]","[(584, 960), (1187, 1068), (395, 876), (782, 1117), (1380, 668), (1174, 628), (496, 639), (771, 574), (542, 1109), (1245, 1239), (399, 949), (784, 1133), (1402, 596), (1182, 552), (507, 493), (796, 444)]"
IL-SF003-E-A.jpg,14,"[1, 1, 1, 1, 1, 1, 1, 2, 2, 2, 2, 2, 2, 2]","[(230, 909), (1330, 556), (157, 481), (614, 841), (1500, 337), (1204, 704), (634, 554), (573, 1181), (453, 132), (239, 953), (1157, 1074), (1255, 161), (1547, 273), (186, 390)]"
MO-MG403-S-A.jpg,24,"[1, 1, 1, 1, 1, 1, 1, 1, 1, 1, 1, 1, 2, 2, 2, 2, 2, 2, 2, 2, 2, 2, 2, 2]","[(523, 1127), (281, 881), (1034, 1149), (541, 565), (1814, 748), (301, 1018), (2366, 1044), (1607, 970), (2105, 953), (1138, 503), (338, 739), (2174, 739), (503, 1308), (257, 833), (905, 1568), (460, 401), (1819, 431), (301, 1088), (2438, 1062), (1605, 1308), (2098, 1147), (1097, 78), (316, 658), (2233, 606)]"
MB-SD005-S-B.jpg,24,"[1, 1, 1, 1, 1, 1, 1, 1, 1, 1, 1, 1, 2, 2, 2, 2, 2, 2, 2, 2, 2, 2, 2, 2]","[(378, 754), (246, 519), (539, 896), (462, 370), (868, 421), (220, 658), (1245, 463), (828, 814), (1068, 793), (579, 345), (335, 433), (1112, 460), (370, 934), (250, 466), (582, 972), (474, 311), (910, 308), (212, 696), (1258, 456), (855, 924), (1097, 852), (621, 279), (342, 361), (1146, 418)]"
OH-MG805S-B.jpg,24,"[1, 1, 1, 1, 1, 1, 1, 1, 1, 1, 1, 1, 2, 2, 2, 2, 2, 2, 2, 2, 2, 2, 2, 2]","[(362, 870), (1861, 1272), (417, 947), (803, 774), (1593, 1069), (323, 803), (1641, 1245), (866, 1075), (1485, 1146), (1125, 831), (1867, 876), (1759, 868), (226, 1150), (1877, 1282), (342, 1519), (208, 699), (1079, 220), (323, 920), (1915, 792), (1249, 1568), (1633, 1343), (829, 248), (1909, 862), (1566, 329)]"
MN-SD001-E-A.jpg,20,"[1, 1, 1, 1, 1, 1, 1, 1, 1, 2, 2, 2, 2, 2, 2, 2, 2, 2, 2, 2]","[(745, 983), (668, 474), (355, 444), (1025, 880), (315, 852), (1170, 524), (443, 977), (1208, 882), (974, 538), (280, 923), (227, 511), (423, 1162), (371, 337), (860, 247), (195, 786), (1203, 1048), (771, 1193), (991, 1131), (598, 177), (1106, 351)]"
MO-MG402-E-A.jpg,18,"[1, 1, 1, 1, 1, 1, 1, 1, 1, 2, 2, 2, 2, 2, 2, 2, 2, 2]","[(1266, 722), (523, 433), (119, 322), (1565, 789), (103, 527), (1451, 666), (690, 677), (1726, 630), (1085, 568), (1159, 1099), (773, 0), (125, 275), (1589, 1001), (85, 654), (1594, 391), (442, 1163), (1764, 576), (1141, 59)]"
MB-MG528-S-A.jpg,24,"[1, 1, 1, 1, 1, 1, 1, 1, 1, 1, 1, 1, 2, 2, 2, 2, 2, 2, 2, 2, 2, 2, 2, 2]","[(100, 737), (118, 407), (187, 901), (265, 182), (889, 386), (22, 607), (1007, 852), (349, 1063), (730, 904), (439, 115), (154, 318), (1141, 492), (95, 815), (110, 382), (200, 989), (292, 104), (982, 278), (20, 643), (1038, 908), (380, 1125), (807, 1032), (508, 29), (163, 243), (1187, 460)]"
MN-SD002-S-A.jpg,26,"[1, 1, 1, 1, 1, 1, 1, 1, 1, 1, 1, 1, 1, 2, 2, 2, 2, 2, 2, 2, 2, 2, 2, 2, 2, 2]","[(1793, 736), (621, 1554), (367, 1437), (1283, 774), (271, 506), (93, 912), (103, 978), (189, 1261), (1283, 1143), (1566, 1240), (539, 397), (160, 722), (1571, 739), (1646, 1374), (359, 1560), (177, 1330), (1671, 583), (520, 204), (97, 971), (143, 592), (80, 866), (621, 1696), (1265, 1562), (1292, 279), (275, 386), (1854, 736)]"
MB-MG516-E-A.jpg,10,"[1, 1, 1, 1, 1, 2, 2, 2, 2, 2]","[(613, 557), (512, 281), (400, 525), (939, 742), (1114, 681), (493, 800), (443, 106), (399, 579), (974, 806), (1122, 726)]"
IN-MG638-W-B.jpg,24,"[1, 1, 1, 1, 1, 1, 1, 1, 1, 1, 1, 1, 2, 2, 2, 2, 2, 2, 2, 2, 2, 2, 2, 2]","[(444, 1314), (305, 901), (642, 1459), (583, 562), (1588, 941), (309, 1200), (1734, 1351), (962, 1465), (1535, 1160), (817, 466), (454, 711), (1818, 868), (403, 1455), (244, 770), (617, 1618), (609, 379), (1690, 550), (279, 1276), (1777, 1453), (1025, 1745), (1498, 1535), (868, 226), (391, 572), (1861, 778)]"
MN-MG790N-B.jpg,16,"[1, 1, 1, 1, 1, 1, 1, 1, 2, 2, 2, 2, 2, 2, 2, 2]","[(416, 1245), (1396, 1380), (489, 893), (1164, 1229), (1395, 1119), (1146, 1115), (424, 543), (696, 454), (357, 1429), (1505, 1470), (256, 1097), (1218, 1673), (1530, 1054), (1510, 723), (492, 463), (839, 221)]"
MB-SD004-E-B.jpg,16,"[1, 1, 1, 1, 1, 1, 1, 1, 2, 2, 2, 2, 2, 2, 2, 2]","[(923, 737), (1133, 600), (539, 698), (1139, 798), (907, 619), (499, 455), (324, 603), (343, 541), (392, 849), (1136, 885), (322, 631), (832, 929), (1135, 514), (877, 435), (344, 505), (494, 332)]"
MB-MG530-W-B.jpg,24,"[1, 1, 1, 1, 1, 1, 1, 1, 1, 1, 1, 1, 2, 2, 2, 2, 2, 2, 2, 2, 2, 2, 2, 2]","[(345, 664), (194, 416), (580, 729), (528, 333), (1161, 458), (256, 558), (1402, 671), (772, 859), (1207, 612), (731, 153), (261, 352), (1351, 394), (345, 720), (194, 390), (552, 884), (541, 75), (1193, 253), (256, 615), (1449, 718), (813, 970), (1256, 827), (780, 58), (264, 292), (1384, 348)]"
IN-MG631-S-A.jpg,30,"[1, 1, 1, 1, 1, 1, 1, 1, 1, 1, 1, 1, 1, 1, 1, 2, 2, 2, 2, 2, 2, 2, 2, 2, 2, 2, 2, 2, 2, 2]","[(807, 1450), (109, 732), (100, 926), (185, 1112), (752, 263), (379, 462), (1558, 743), (1846, 1139), (36, 800), (347, 1190), (553, 1396), (1881, 718), (1052, 244), (1503, 1093), (187, 592), (833, 1730), (98, 672), (82, 995), (123, 1151), (803, 91), (544, 226), (1700, 407), (1963, 1283), (27, 833), (306, 1393), (645, 1489), (1979, 601), (1180, 11), (1709, 1501), (183, 501)]"
MO-MG404-N-B.jpg,24,"[1, 1, 1, 1, 1, 1, 1, 1, 1, 1, 1, 1, 2, 2, 2, 2, 2, 2, 2, 2, 2, 2, 2, 2]","[(235, 1047), (130, 479), (593, 1032), (579, 257), (1385, 509), (92, 902), (1577, 904), (1096, 873), (1413, 897), (1070, 479), (335, 361), (1613, 497), (263, 1185), (131, 398), (616, 1117), (613, 29), (1447, 392), (89, 975), (1620, 959), (1234, 1280), (1455, 1028), (1182, 273), (287, 208), (1639, 457)]"
IL-MG604-N-A.jpg,34,"[1, 1, 1, 1, 1, 1, 1, 1, 1, 1, 1, 1, 1, 1, 1, 1, 1, 2, 2, 2, 2, 2, 2, 2, 2, 2, 2, 2, 2, 2, 2, 2, 2, 2]","[(294, 887), (678, 613), (841, 1614), (186, 993), (443, 738), (1655, 1326), (317, 1333), (1184, 1483), (223, 1204), (2283, 862), (1579, 636), (1970, 1306), (158, 1122), (1984, 742), (501, 1469), (2232, 1313), (1050, 567), (285, 809), (678, 450), (800, 1699), (186, 958), (441, 607), (1697, 1460), (324, 1421), (1234, 1697), (232, 1283), (2340, 846), (1726, 443), (1996, 1428), (160, 1161), (2101, 648), (533, 1589), (2288, 1345), (1050, 305)]"
OH-MG805E-A.jpg,22,"[1, 1, 1, 1, 1, 1, 1, 1, 1, 1, 2, 2, 2, 2, 2, 2, 2, 2, 2, 2, 2, 2]","[(1339, 950), (1309, 1099), (354, 1010), (1824, 1044), (384, 713), (1955, 1180), (1035, 839), (2022, 1012), (883, 1079), (1767, 1115), (331, 1189), (1086, 1847), (193, 922), (2047, 1541), (1472, 377), (414, 1511), (1396, 697), (349, 519), (697, 335), (1902, 492), (1642, 1617), (1348, 1320)]"
IL-MG603-E-B.jpg,28,"[1, 1, 1, 1, 1, 1, 1, 1, 1, 1, 1, 1, 1, 1, 2, 2, 2, 2, 2, 2, 2, 2, 2, 2, 2, 2, 2, 2]","[(1302, 688), (690, 920), (567, 887), (1407, 462), (776, 393), (490, 671), (534, 579), (497, 824), (876, 915), (1091, 850), (1138, 470), (574, 492), (1465, 634), (456, 731), (1339, 734), (725, 985), (585, 943), (1479, 423), (825, 258), (470, 618), (550, 541), (500, 862), (936, 1010), (1166, 915), (1226, 381), (565, 418), (1504, 657), (449, 704)]"
OK-MG282-E-B.jpg,20,"[1, 1, 1, 1, 1, 1, 1, 1, 1, 2, 2, 2, 2, 2, 2, 2, 2, 2, 2, 2]","[(965, 1031), (447, 330), (214, 443), (1261, 995), (217, 1071), (967, 563), (744, 810), (1203, 621), (822, 370), (572, 1384), (205, 934), (1092, 1268), (128, 607), (548, 200), (257, 1176), (1023, 365), (1348, 1057), (1313, 555), (255, 344), (904, 347)]"
MB-MG517-S-B.jpg,24,"[1, 1, 1, 1, 1, 1, 1, 1, 1, 1, 1, 1, 2, 2, 2, 2, 2, 2, 2, 2, 2, 2, 2, 2]","[(378, 600), (411, 396), (488, 658), (614, 263), (976, 241), (262, 541), (1203, 747), (719, 776), (1067, 753), (799, 204), (491, 340), (1262, 341), (356, 660), (405, 349), (382, 814), (547, 103), (993, 100), (263, 565), (1214, 806), (625, 979), (1108, 835), (838, 135), (478, 213), (1301, 277)]"
MB-SD004-S-B.jpg,18,"[1, 1, 1, 1, 1, 1, 1, 1, 1, 2, 2, 2, 2, 2, 2, 2, 2, 2]","[(840, 726), (402, 522), (330, 592), (1066, 770), (272, 678), (932, 598), (467, 792), (1086, 516), (614, 505), (803, 938), (424, 460), (344, 519), (1113, 810), (265, 743), (907, 447), (445, 955), (1122, 488), (556, 372)]"
IN-MG638-N-A.jpg,22,"[1, 1, 1, 1, 1, 1, 1, 1, 1, 1, 1, 2, 2, 2, 2, 2, 2, 2, 2, 2, 2, 2]","[(628, 1041), (179, 892), (997, 943), (220, 677), (1229, 648), (264, 1012), (1625, 486), (1361, 775), (1574, 760), (799, 712), (1510, 584), (709, 1254), (139, 797), (1029, 1561), (213, 539), (1158, 260), (279, 1173), (1652, 431), (1427, 995), (1629, 988), (490, 264), (1510, 390)]"
MN-MG788W-B.jpg,28,"[1, 1, 1, 1, 1, 1, 1, 1, 1, 1, 1, 1, 1, 1, 2, 2, 2, 2, 2, 2, 2, 2, 2, 2, 2, 2, 2, 2]","[(1743, 1060), (651, 1615), (525, 1502), (1940, 787), (1351, 744), (356, 888), (442, 712), (397, 1432), (888, 1651), (1188, 1421), (1703, 823), (717, 548), (1937, 1184), (379, 1159), (1692, 1349), (670, 1761), (527, 1615), (2005, 685), (1204, 189), (277, 776), (351, 530), (408, 1486), (1008, 1843), (1211, 1513), (1770, 532), (661, 266), (1967, 1258), (205, 1037)]"
IN-MG636-E-A.jpg,22,"[1, 1, 1, 1, 1, 1, 1, 1, 1, 1, 1, 2, 2, 2, 2, 2, 2, 2, 2, 2, 2, 2]","[(176, 931), (265, 627), (426, 1093), (142, 401), (650, 229), (93, 716), (1673, 1000), (1283, 846), (1317, 780), (333, 242), (1770, 726), (107, 1016), (53, 463), (451, 1319), (165, 291), (687, 18), (76, 778), (1886, 683), (1354, 1250), (1725, 1097), (399, 130), (1491, 414)]"
MB-MG517-N-B.jpg,16,"[1, 1, 1, 1, 1, 1, 1, 1, 2, 2, 2, 2, 2, 2, 2, 2]","[(605, 751), (938, 833), (442, 708), (678, 778), (1245, 887), (1264, 329), (650, 370), (1002, 361), (653, 781), (1013, 988), (455, 781), (662, 853), (1279, 896), (1314, 312), (655, 289), (1065, 286)]"
IA-MG245-W-B.jpg,26,"[1, 1, 1, 1, 1, 1, 1, 1, 1, 1, 1, 1, 1, 2, 2, 2, 2, 2, 2, 2, 2, 2, 2, 2, 2, 2]","[(1415, 1059), (437, 913), (340, 697), (1538, 779), (897, 479), (201, 442), (466, 470), (109, 576), (602, 1118), (1238, 940), (1292, 792), (630, 332), (1597, 1115), (1462, 1199), (348, 1077), (185, 859), (1605, 710), (1005, 85), (201, 398), (530, 357), (68, 632), (548, 1370), (1180, 1223), (1398, 522), (743, 211), (1601, 1153)]"
MO-MG403-W-A.jpg,24,"[1, 1, 1, 1, 1, 1, 1, 1, 1, 1, 1, 1, 2, 2, 2, 2, 2, 2, 2, 2, 2, 2, 2, 2]","[(263, 565), (294, 273), (279, 739), (571, 206), (1287, 577), (203, 428), (1511, 860), (605, 933), (1330, 757), (915, 258), (412, 246), (1520, 639), (221, 664), (323, 230), (246, 887), (581, 75), (1369, 428), (184, 482), (1523, 905), (598, 1141), (1290, 917), (986, 100), (416, 199), (1566, 609)]"
IN-MG631-S-B.jpg,34,"[1, 1, 1, 1, 1, 1, 1, 1, 1, 1, 1, 1, 1, 1, 1, 1, 1, 2, 2, 2, 2, 2, 2, 2, 2, 2, 2, 2, 2, 2, 2, 2, 2, 2]","[(184, 596), (361, 400), (658, 1283), (130, 682), (255, 496), (1517, 957), (290, 1023), (1137, 1033), (273, 879), (1530, 674), (739, 262), (1853, 1029), (156, 775), (1114, 455), (420, 1246), (1829, 663), (561, 283), (171, 535), (359, 292), (702, 1458), (125, 643), (240, 424), (1593, 1252), (251, 1118), (1135, 1449), (205, 944), (1608, 361), (778, 112), (1909, 1120), (149, 838), (1222, 299), (426, 1328), (1881, 572), (572, 182)]"
OH-MG805N-A.jpg,17,"[1, 1, 1, 1, 1, 1, 1, 1, 2, 2, 2, 2, 2, 2, 2, 2, 2]","[(2119, 1505), (2521, 1806), (1282, 1491), (2263, 1562), (2542, 1510), (2200, 1418), (570, 1119), (1328, 1211), (1600, 2032), (1260, 244), (187, 768), (2374, 1994), (309, 1784), (2605, 1274), (1075, 2488), (2518, 1839), (2263, 1168)]"
MB-MG518-W-B.jpg,20,"[1, 1, 1, 1, 1, 1, 1, 1, 1, 1, 2, 2, 2, 2, 2, 2, 2, 2, 2, 2]","[(733, 650), (678, 209), (486, 297), (1067, 577), (465, 470), (1087, 214), (567, 560), (1222, 258), (539, 266), (815, 155), (767, 730), (684, 107), (480, 280), (1086, 627), (460, 514), (1120, 172), (562, 633), (1225, 232), (554, 209), (841, 75)]"
MB-MG530-S-B.jpg,24,"[1, 1, 1, 1, 1, 1, 1, 1, 1, 1, 1, 1, 2, 2, 2, 2, 2, 2, 2, 2, 2, 2, 2, 2]","[(235, 735), (150, 489), (341, 843), (404, 325), (1006, 533), (148, 626), (1229, 769), (506, 937), (983, 718), (633, 297), (275, 411), (1240, 496), (214, 807), (161, 440), (314, 933), (422, 255), (1085, 267), (135, 676), (1291, 867), (452, 1109), (1071, 1028), (609, 129), (282, 346), (1310, 396)]"
MN-MG788S-B.jpg,22,"[1, 1, 1, 1, 1, 1, 1, 1, 1, 1, 1, 2, 2, 2, 2, 2, 2, 2, 2, 2, 2, 2]","[(764, 1420), (355, 907), (1110, 1487), (584, 706), (1771, 711), (398, 1246), (2268, 737), (1790, 1072), (2101, 1107), (967, 494), (2086, 713), (807, 1618), (341, 871), (1224, 1817), (491, 420), (1824, 415), (393, 1411), (2275, 723), (1759, 1523), (2144, 1298), (852, 183), (2096, 623)]"
MB-MG528-S-B.jpg,30,"[1, 1, 1, 1, 1, 1, 1, 1, 1, 1, 1, 1, 1, 1, 1, 2, 2, 2, 2, 2, 2, 2, 2, 2, 2, 2, 2, 2, 2, 2]","[(912, 797), (131, 460), (136, 696), (199, 803), (470, 178), (327, 261), (1020, 404), (1371, 579), (104, 598), (316, 919), (466, 1025), (1223, 503), (683, 142), (1155, 802), (224, 363), (954, 998), (133, 429), (133, 740), (199, 869), (500, 107), (341, 202), (1130, 259), (1400, 557), (90, 632), (334, 994), (520, 1123), (1283, 441), (733, 63), (1165, 881), (230, 318)]"
IN-MG636-N-B.jpg,34,"[1, 1, 1, 1, 1, 1, 1, 1, 1, 1, 1, 1, 1, 1, 1, 1, 1, 2, 2, 2, 2, 2, 2, 2, 2, 2, 2, 2, 2, 2, 2, 2, 2, 2]","[(91, 753), (184, 466), (505, 1179), (75, 898), (111, 659), (961, 1201), (272, 1061), (728, 1231), (182, 1020), (1700, 645), (742, 251), (1422, 939), (104, 984), (1334, 575), (387, 1117), (1716, 950), (399, 310), (82, 726), (184, 408), (541, 1244), (48, 835), (102, 604), (980, 1267), (290, 1108), (810, 1278), (200, 1054), (1750, 624), (738, 75), (1490, 1142), (127, 1014), (1499, 398), (408, 1153), (1750, 1006), (428, 211)]"
MB-SD004-W-B.jpg,14,"[1, 1, 1, 1, 1, 1, 1, 2, 2, 2, 2, 2, 2, 2]","[(464, 751), (906, 544), (336, 591), (946, 659), (1124, 502), (1136, 742), (469, 410), (385, 941), (887, 363), (261, 687), (923, 851), (1146, 419), (1157, 812), (399, 210)]"
MN-MG788S-A.jpg,24,"[1, 1, 1, 1, 1, 1, 1, 1, 1, 1, 1, 1, 2, 2, 2, 2, 2, 2, 2, 2, 2, 2, 2, 2]","[(383, 1467), (189, 1144), (499, 1595), (451, 756), (1742, 990), (302, 1328), (1885, 1356), (685, 1721), (1167, 1691), (736, 680), (342, 998), (2216, 1101), (368, 1570), (186, 1056), (519, 1719), (441, 574), (1726, 181), (282, 1434), (1790, 1898), (690, 1976), (1527, 2188), (567, 337), (289, 842), (2291, 837)]"
IA-MG244-W-B.jpg,28,"[1, 1, 1, 1, 1, 1, 1, 1, 1, 1, 1, 1, 1, 1, 2, 2, 2, 2, 2, 2, 2, 2, 2, 2, 2, 2, 2, 2]","[(1491, 1250), (277, 987), (147, 788), (1565, 958), (850, 277), (314, 388), (466, 348), (157, 638), (516, 1164), (1290, 1140), (1336, 948), (648, 326), (1592, 1319), (216, 464), (1452, 1403), (164, 1179), (22, 872), (1658, 796), (938, 81), (329, 307), (471, 179), (83, 678), (412, 1469), (1191, 1535), (1526, 489), (683, 78), (1629, 1354), (221, 405)]"
MB-MG516-S-B.jpg,18,"[1, 1, 1, 1, 1, 1, 1, 1, 1, 2, 2, 2, 2, 2, 2, 2, 2, 2]","[(719, 875), (667, 409), (425, 509), (995, 816), (411, 697), (1298, 440), (501, 811), (1332, 737), (1083, 442), (724, 1022), (660, 187), (417, 476), (1040, 940), (382, 756), (1335, 434), (514, 911), (1362, 804), (1113, 336)]"
OH-MG805N-B.jpg,16,"[1, 1, 1, 1, 1, 1, 1, 1, 2, 2, 2, 2, 2, 2, 2, 2]","[(1016, 627), (1649, 982), (708, 973), (1644, 1168), (1964, 938), (2142, 1003), (1875, 1307), (2074, 1297), (1546, 1777), (2103, 1325), (362, 1286), (1881, 1499), (2159, 949), (2033, 795), (914, 356), (1623, 527)]"
OH-MG805W-B.jpg,28,"[1, 1, 1, 1, 1, 1, 1, 1, 1, 1, 1, 1, 1, 1, 2, 2, 2, 2, 2, 2, 2, 2, 2, 2, 2, 2, 2, 2]","[(1308, 1003), (301, 695), (240, 503), (1594, 1193), (1528, 949), (590, 521), (916, 648), (228, 592), (578, 832), (820, 986), (1631, 832), (1345, 930), (1521, 1040), (372, 486), (1472, 1345), (388, 1071), (217, 785), (1646, 792), (1235, 545), (343, 379), (548, 235), (175, 632), (338, 1329), (1003, 1334), (1463, 656), (902, 139), (1606, 1226), (238, 446)]"
IL-SF001-S-A.jpg,12,"[1, 1, 1, 1, 1, 1, 2, 2, 2, 2, 2, 2]","[(1009, 795), (291, 561), (527, 822), (1278, 920), (386, 314), (1060, 722), (1095, 1218), (216, 349), (246, 1202), (1365, 1030), (412, 149), (945, 352)]"
MB-MG528-W-A.jpg,28,"[1, 1, 1, 1, 1, 1, 1, 1, 1, 1, 1, 1, 1, 1, 2, 2, 2, 2, 2, 2, 2, 2, 2, 2, 2, 2, 2, 2]","[(1197, 959), (351, 1117), (258, 1007), (1579, 523), (1111, 446), (298, 506), (423, 370), (203, 910), (507, 1240), (749, 1277), (1382, 511), (676, 188), (1438, 839), (232, 628), (1304, 1134), (382, 1185), (266, 1048), (1613, 507), (1201, 251), (312, 451), (455, 292), (203, 937), (552, 1284), (827, 1376), (1437, 414), (735, 130), (1430, 934), (237, 579)]"
MB-MG513-E-B.jpg,22,"[1, 1, 1, 1, 1, 1, 1, 1, 1, 1, 1, 2, 2, 2, 2, 2, 2, 2, 2, 2, 2, 2]","[(309, 831), (324, 590), (511, 940), (454, 460), (969, 632), (258, 718), (1335, 851), (900, 861), (1149, 871), (659, 387), (1211, 650), (313, 889), (329, 514), (486, 1108), (486, 376), (924, 391), (254, 754), (1362, 906), (857, 1131), (1171, 1001), (707, 260), (1229, 512)]"
IL-SF001-W-B.jpg,16,"[1, 1, 1, 1, 1, 1, 1, 1, 2, 2, 2, 2, 2, 2, 2, 2]","[(213, 921), (943, 872), (125, 756), (324, 1140), (1043, 642), (468, 188), (220, 611), (332, 430), (178, 1007), (941, 1166), (109, 819), (336, 1343), (1162, 315), (545, 76), (183, 496), (288, 246)]"
MB-MG530-N-A.jpg,22,"[1, 1, 1, 1, 1, 1, 1, 1, 1, 1, 1, 2, 2, 2, 2, 2, 2, 2, 2, 2, 2, 2]","[(563, 712), (395, 399), (725, 806), (614, 283), (1385, 468), (423, 590), (1549, 687), (957, 854), (1349, 632), (921, 205), (1605, 440), (577, 786), (402, 325), (732, 902), (609, 133), (1501, 296), (431, 667), (1563, 799), (984, 992), (1346, 860), (971, 24), (1668, 392)]"
MN-SD001-S-A.jpg,16,"[1, 1, 1, 1, 1, 1, 1, 1, 2, 2, 2, 2, 2, 2, 2, 2]","[(326, 904), (959, 978), (144, 802), (647, 952), (1049, 472), (722, 397), (205, 562), (385, 405), (269, 1037), (975, 1010), (137, 856), (647, 1239), (1020, 305), (624, 171), (164, 467), (336, 249)]"
IN-MG638-E-A.jpg,24,"[1, 1, 1, 1, 1, 1, 1, 1, 1, 1, 1, 1, 2, 2, 2, 2, 2, 2, 2, 2, 2, 2, 2, 2]","[(334, 1222), (190, 598), (435, 1379), (646, 618), (1521, 932), (280, 1012), (1839, 1192), (908, 1320), (1548, 1089), (864, 341), (244, 739), (1801, 821), (292, 1334), (174, 648), (503, 1638), (570, 276), (1590, 224), (202, 1163), (1841, 1389), (850, 1825), (1427, 1560), (948, 242), (186, 497), (1874, 618)]"
MB-MG530-W-A.jpg,22,"[1, 1, 1, 1, 1, 1, 1, 1, 1, 1, 1, 2, 2, 2, 2, 2, 2, 2, 2, 2, 2, 2]","[(515, 828), (408, 435), (774, 958), (483, 353), (836, 270), (403, 667), (1473, 502), (1251, 806), (1494, 862), (614, 316), (1230, 510), (502, 921), (425, 369), (761, 1118), (496, 307), (912, 139), (400, 748), (1508, 425), (1283, 1032), (1534, 920), (625, 222), (1259, 337)]"
MB-MG517-S-A.jpg,20,"[1, 1, 1, 1, 1, 1, 1, 1, 1, 1, 2, 2, 2, 2, 2, 2, 2, 2, 2, 2]","[(510, 995), (611, 385), (211, 532), (883, 1081), (199, 703), (1340, 378), (407, 696), (1300, 935), (317, 433), (1032, 389), (490, 1147), (589, 176), (215, 503), (931, 1291), (197, 773), (1361, 292), (313, 912), (1439, 1116), (309, 317), (1043, 197)]"
IL-SF001-E-B.jpg,16,"[1, 1, 1, 1, 1, 1, 1, 1, 2, 2, 2, 2, 2, 2, 2, 2]","[(421, 1286), (1176, 965), (247, 987), (913, 967), (1105, 522), (935, 702), (230, 680), (370, 434), (444, 1466), (1210, 1006), (209, 1168), (1021, 1365), (1188, 448), (982, 338), (340, 209), (173, 512)]"
IL-SF002-N-A.jpg,18,"[1, 1, 1, 1, 1, 1, 1, 1, 1, 2, 2, 2, 2, 2, 2, 2, 2, 2]","[(574, 785), (619, 433), (399, 520), (916, 658), (309, 603), (1181, 496), (429, 696), (1100, 715), (975, 486), (882, 1012), (365, 434), (296, 580), (1129, 881), (379, 803), (1040, 360), (545, 965), (1270, 292), (524, 173)]"
IA-MG244-S-D.jpg,38,"[1, 1, 1, 1, 1, 1, 1, 1, 1, 1, 1, 1, 1, 1, 1, 1, 1, 1, 1, 2, 2, 2, 2, 2, 2, 2, 2, 2, 2, 2, 2, 2, 2, 2, 2, 2, 2, 2]","[(189, 557), (580, 237), (299, 934), (87, 680), (272, 864), (601, 1132), (214, 820), (455, 1068), (164, 780), (1586, 1009), (1338, 635), (254, 474), (112, 741), (1632, 703), (383, 358), (1049, 995), (1442, 966), (139, 603), (901, 291), (191, 508), (595, 95), (256, 1032), (83, 655), (251, 909), (691, 1334), (216, 864), (483, 1220), (160, 809), (1594, 1057), (1501, 426), (231, 391), (110, 751), (1684, 672), (370, 218), (1057, 1242), (1465, 1036), (139, 568), (1182, 58)]"
MB-MG518-S-B.jpg,28,"[1, 1, 1, 1, 1, 1, 1, 1, 1, 1, 1, 1, 1, 1, 2, 2, 2, 2, 2, 2, 2, 2, 2, 2, 2, 2, 2, 2]","[(1018, 662), (511, 673), (416, 634), (1134, 368), (749, 296), (404, 485), (460, 433), (363, 598), (646, 738), (758, 749), (979, 298), (584, 371), (1134, 684), (370, 523), (1004, 750), (499, 757), (411, 680), (1158, 324), (738, 153), (404, 457), (458, 377), (370, 618), (640, 755), (744, 662), (1012, 242), (578, 292), (1131, 763), (371, 503)]"
IL-SF003-S-A.jpg,28,"[1, 1, 1, 1, 1, 1, 1, 1, 1, 1, 1, 1, 1, 1, 2, 2, 2, 2, 2, 2, 2, 2, 2, 2, 2, 2, 2, 2]","[(1227, 923), (368, 1089), (266, 952), (1423, 498), (736, 195), (233, 508), (341, 391), (236, 842), (617, 1183), (919, 1152), (1171, 482), (477, 285), (1478, 886), (200, 659), (1307, 1027), (386, 1209), (252, 1014), (1468, 451), (736, 117), (238, 443), (349, 314), (212, 894), (640, 1298), (1035, 1224), (1235, 299), (491, 170), (1503, 914), (173, 581)]"
MB-SD004-E-A.jpg,18,"[1, 1, 1, 1, 1, 1, 1, 1, 2, 2, 2, 2, 2, 2, 2, 2, 2, 2]","[(416, 890), (1029, 740), (347, 728), (837, 700), (1071, 531), (852, 573), (277, 514), (405, 430), (421, 996), (378, 280), (190, 583), (771, 923), (194, 697), (1079, 413), (265, 859), (1029, 832), (266, 427), (787, 327)]"
MN-SD001-N-A.jpg,16,"[1, 1, 1, 1, 1, 1, 1, 1, 2, 2, 2, 2, 2, 2, 2, 2]","[(527, 912), (1219, 932), (441, 751), (885, 955), (1161, 464), (695, 276), (322, 519), (482, 389), (453, 1039), (1260, 1256), (356, 891), (761, 1283), (1100, 41), (692, 150), (297, 441), (437, 283)]"
IN-MG636-S-B.jpg,24,"[1, 1, 1, 1, 1, 1, 1, 1, 1, 1, 1, 1, 2, 2, 2, 2, 2, 2, 2, 2, 2, 2, 2, 2]","[(52, 895), (86, 697), (141, 1080), (381, 429), (1453, 775), (75, 798), (1767, 1095), (568, 1120), (1463, 924), (625, 459), (145, 537), (1798, 714), (42, 960), (67, 581), (151, 1206), (402, 343), (1411, 355), (50, 842), (1805, 1190), (404, 1522), (1409, 1421), (556, 164), (187, 467), (1845, 596)]"
IN-MG631-N-A.jpg,32,"[1, 1, 1, 1, 1, 1, 1, 1, 1, 1, 1, 1, 1, 1, 1, 1, 2, 2, 2, 2, 2, 2, 2, 2, 2, 2, 2, 2, 2, 2, 2, 2]","[(1011, 1763), (98, 830), (369, 1056), (1730, 1458), (236, 1388), (1770, 681), (910, 321), (455, 611), (2178, 1476), (37, 903), (435, 1551), (583, 1702), (2281, 809), (1187, 271), (493, 432), (709, 332), (1021, 2095), (402, 460), (113, 1302), (1715, 1821), (233, 1481), (1916, 158), (958, 155), (90, 754), (2271, 1627), (25, 933), (417, 1718), (641, 1934), (2475, 618), (1318, 62), (538, 296), (784, 261)]"
MB-MG529-W-B.jpg,28,"[1, 1, 1, 1, 1, 1, 1, 1, 1, 1, 1, 1, 1, 1, 2, 2, 2, 2, 2, 2, 2, 2, 2, 2, 2, 2, 2, 2]","[(905, 746), (177, 729), (136, 662), (1320, 418), (453, 159), (151, 425), (247, 341), (63, 605), (260, 832), (383, 929), (990, 425), (308, 260), (1203, 816), (87, 486), (142, 691), (377, 1031), (825, 1038), (98, 462), (252, 290), (1021, 68), (473, 20), (1188, 935), (263, 900), (181, 787), (170, 380), (315, 178), (78, 630), (1368, 315)]"
IA-MG243-S-B.jpg,28,"[1, 1, 1, 1, 1, 1, 1, 1, 1, 1, 1, 1, 1, 1, 2, 2, 2, 2, 2, 2, 2, 2, 2, 2, 2, 2, 2, 2]","[(949, 742), (250, 407), (265, 274), (1352, 537), (983, 341), (524, 198), (666, 329), (342, 181), (367, 613), (501, 815), (1193, 535), (698, 186), (1143, 873), (435, 127), (850, 972), (171, 514), (189, 313), (1397, 494), (968, 114), (579, 152), (609, 273), (286, 169), (258, 690), (470, 968), (1266, 393), (692, 93), (1145, 996), (451, 101)]"
IN-MG636-S-A.jpg,20,"[1, 1, 1, 1, 1, 1, 1, 1, 1, 1, 2, 2, 2, 2, 2, 2, 2, 2, 2, 2]","[(576, 1228), (602, 304), (179, 453), (1362, 947), (107, 800), (1549, 636), (213, 1005), (1683, 1003), (371, 308), (1187, 673), (660, 1388), (604, 88), (461, 250), (1340, 1364), (82, 898), (1632, 515), (230, 1172), (1776, 1129), (198, 347), (1198, 256)]"
MO-MG403-N-B.jpg,26,"[1, 1, 1, 1, 1, 1, 1, 1, 1, 1, 1, 1, 1, 2, 2, 2, 2, 2, 2, 2, 2, 2, 2, 2, 2, 2]","[(1423, 960), (287, 1080), (162, 910), (1737, 791), (872, 451), (147, 630), (272, 538), (68, 737), (532, 1231), (800, 1288), (1427, 818), (472, 383), (1720, 1010), (1512, 1322), (221, 1277), (116, 1038), (1790, 691), (899, 40), (149, 562), (239, 396), (31, 809), (518, 1438), (809, 1679), (1500, 385), (492, 167), (1755, 1152)]"
MN-MG789W-A.jpg,24,"[1, 1, 1, 1, 1, 1, 1, 1, 1, 1, 1, 1, 2, 2, 2, 2, 2, 2, 2, 2, 2, 2, 2, 2]","[(318, 1258), (192, 974), (455, 1392), (408, 645), (1489, 871), (252, 1068), (1912, 1290), (897, 1412), (1454, 1275), (730, 489), (198, 841), (1824, 779), (322, 1318), (160, 916), (510, 1446), (405, 461), (1666, 506), (232, 1132), (2006, 1474), (835, 1803), (1363, 1762), (863, 299), (211, 760), (1886, 672)]"
MN-MG790E-B.jpg,32,"[1, 1, 1, 1, 1, 1, 1, 1, 1, 1, 1, 1, 1, 1, 1, 2, 2, 2, 2, 2, 2, 2, 2, 2, 2, 2, 2, 2, 2, 2, 2, 2]","[(1486, 1123), (272, 853), (289, 1166), (414, 1305), (1514, 1026), (987, 602), (2184, 1024), (1985, 1281), (224, 1091), (708, 1343), (842, 1534), (2167, 1270), (1992, 991), (1840, 1181), (866, 877), (313, 805), (978, 462), (661, 1572), (170, 890), (725, 535), (1568, 1333), (311, 1220), (913, 1715), (244, 1127), (2205, 1279), (2065, 935), (1817, 1367), (162, 1041), (2208, 1021), (436, 1400), (2026, 1328), (1827, 844)]"
MB-MG529-N-A.jpg,30,"[1, 1, 1, 1, 1, 1, 1, 1, 1, 1, 1, 1, 1, 1, 1, 2, 2, 2, 2, 2, 2, 2, 2, 2, 2, 2, 2, 2, 2, 2]","[(1041, 761), (45, 403), (113, 611), (165, 700), (310, 218), (209, 274), (721, 85), (1442, 480), (46, 500), (236, 780), (399, 896), (1185, 435), (447, 138), (1317, 803), (119, 339), (1100, 1006), (55, 378), (126, 660), (170, 742), (330, 143), (233, 233), (792, 9), (1496, 433), (49, 559), (239, 848), (411, 1008), (1276, 272), (477, 54), (1359, 895), (137, 295)]"
MB-MG529-E-A.jpg,28,"[1, 1, 1, 1, 1, 1, 1, 1, 1, 1, 1, 1, 1, 1, 2, 2, 2, 2, 2, 2, 2, 2, 2, 2, 2, 2, 2, 2]","[(1201, 951), (332, 946), (226, 839), (1522, 614), (634, 284), (244, 595), (327, 532), (170, 743), (483, 1059), (702, 1114), (1243, 603), (439, 415), (1473, 977), (177, 651), (1206, 1177), (346, 1017), (231, 880), (1610, 535), (680, 177), (269, 557), (330, 464), (171, 779), (497, 1135), (721, 1207), (1284, 359), (445, 302), (1492, 1081), (188, 628)]"
MN-SD003-S-A.jpg,20,"[1, 1, 1, 1, 1, 1, 1, 1, 1, 1, 2, 2, 2, 2, 2, 2, 2, 2, 2, 2]","[(1040, 1151), (864, 314), (226, 664), (1639, 1028), (136, 965), (1866, 656), (625, 1026), (1864, 1230), (646, 619), (1582, 789), (791, 1909), (1059, 184), (171, 470), (1496, 1578), (94, 1185), (2001, 355), (599, 1423), (1913, 1494), (603, 302), (1580, 186)]"
MB-MG513-S-B.jpg,16,"[1, 1, 1, 1, 1, 1, 1, 1, 2, 2, 2, 2, 2, 2, 2, 2]","[(1055, 961), (1273, 838), (630, 1022), (1334, 1009), (998, 798), (643, 747), (299, 777), (295, 929), (561, 1255), (1371, 1123), (305, 1003), (1091, 1262), (1315, 702), (1054, 500), (331, 711), (617, 459)]"
IL-SF003-W-B.jpg,17,"[1, 1, 1, 1, 1, 1, 1, 1, 2, 2, 2, 2, 2, 2, 2, 2, 2]","[(706, 1115), (1578, 1104), (372, 784), (1365, 981), (1506, 624), (1163, 495), (339, 379), (598, 317), (562, 1435), (679, 109), (355, 313), (1367, 1333), (250, 689), (1598, 514), (262, 1055), (1621, 1188), (1273, 250)]"
MN-SD002-N-B.jpg,30,"[1, 1, 1, 1, 1, 1, 1, 1, 1, 1, 1, 1, 1, 1, 1, 2, 2, 2, 2, 2, 2, 2, 2, 2, 2, 2, 2, 2, 2, 2]","[(744, 1273), (240, 929), (252, 1092), (313, 1152), (461, 754), (356, 817), (1011, 781), (1268, 1160), (217, 1033), (339, 1215), (454, 1304), (1207, 797), (783, 798), (1063, 1167), (294, 879), (718, 1465), (240, 889), (248, 1128), (296, 1169), (420, 654), (344, 752), (1032, 636), (1291, 1213), (216, 1063), (306, 1277), (435, 1402), (1244, 745), (768, 588), (1078, 1303), (286, 834)]"
MB-SD005-N-B.jpg,20,"[1, 1, 1, 1, 1, 1, 1, 1, 1, 1, 2, 2, 2, 2, 2, 2, 2, 2, 2, 2]","[(475, 804), (484, 331), (206, 457), (851, 726), (168, 582), (1093, 477), (285, 684), (1056, 785), (279, 395), (804, 421), (434, 963), (518, 171), (217, 424), (842, 887), (176, 614), (1126, 393), (269, 778), (1096, 836), (288, 311), (817, 234)]"
OH-MG799S-A.jpg,24,"[1, 1, 1, 1, 1, 1, 1, 1, 1, 1, 1, 1, 2, 2, 2, 2, 2, 2, 2, 2, 2, 2, 2, 2]","[(618, 1100), (416, 886), (760, 1283), (694, 648), (1527, 983), (354, 968), (1740, 1591), (1323, 1327), (1591, 1480), (1077, 563), (554, 722), (1793, 1045), (473, 1347), (376, 815), (626, 1453), (724, 520), (1780, 618), (329, 1009), (1744, 1619), (1306, 1897), (1602, 1631), (924, 244), (554, 694), (1905, 917)]"
MN-MG789S-A.jpg,20,"[1, 1, 1, 1, 1, 1, 1, 1, 1, 1, 2, 2, 2, 2, 2, 2, 2, 2, 2, 2]","[(670, 1651), (998, 653), (290, 1050), (1555, 1099), (283, 1286), (1967, 727), (426, 1449), (1824, 1278), (478, 823), (1692, 900), (678, 1822), (966, 283), (279, 968), (1525, 1636), (290, 1370), (2112, 670), (396, 1587), (1890, 1340), (488, 554), (1664, 303)]"
MN-SD002-W-B.jpg,30,"[1, 1, 1, 1, 1, 1, 1, 1, 1, 1, 1, 1, 1, 1, 1, 2, 2, 2, 2, 2, 2, 2, 2, 2, 2, 2, 2, 2, 2, 2]","[(1090, 760), (140, 527), (159, 698), (252, 773), (436, 278), (289, 410), (1175, 537), (1528, 903), (126, 621), (297, 905), (452, 1011), (1413, 473), (631, 221), (1344, 835), (175, 470), (1058, 1004), (138, 498), (170, 744), (232, 872), (431, 110), (255, 288), (1183, 187), (1562, 924), (122, 659), (307, 998), (462, 1113), (1479, 392), (644, 24), (1362, 1009), (177, 426)]"
MO-MG402-E-B.jpg,21,"[1, 1, 1, 1, 1, 1, 1, 1, 1, 1, 2, 2, 2, 2, 2, 2, 2, 2, 2, 2, 2]","[(1297, 493), (230, 357), (134, 536), (1233, 627), (285, 736), (779, 423), (602, 856), (1640, 452), (150, 611), (389, 268), (153, 654), (155, 418), (309, 850), (282, 287), (761, 250), (121, 550), (1687, 409), (573, 995), (1299, 856), (487, 257), (1435, 278)]"
MB-MG513-W-B.jpg,22,"[1, 1, 1, 1, 1, 1, 1, 1, 1, 1, 1, 2, 2, 2, 2, 2, 2, 2, 2, 2, 2, 2]","[(287, 813), (176, 482), (533, 839), (250, 311), (795, 333), (183, 674), (1405, 501), (938, 710), (1225, 737), (412, 188), (1212, 531), (306, 896), (182, 363), (542, 1033), (273, 220), (886, 80), (202, 756), (1438, 460), (923, 979), (1229, 874), (496, 55), (1247, 378)]"
MB-SD004-N-B.jpg,16,"[1, 1, 1, 1, 1, 1, 1, 1, 2, 2, 2, 2, 2, 2, 2, 2]","[(703, 781), (1177, 726), (570, 626), (1049, 651), (1197, 480), (1032, 480), (534, 470), (681, 364), (689, 887), (1206, 803), (533, 720), (996, 873), (1199, 516), (1077, 322), (511, 375), (721, 213)]"
IL-SF001-N-B.jpg,18,"[1, 1, 1, 1, 1, 1, 1, 1, 1, 2, 2, 2, 2, 2, 2, 2, 2, 2]","[(551, 1113), (429, 383), (358, 643), (1030, 766), (170, 851), (1168, 512), (267, 1040), (1243, 841), (979, 617), (507, 1414), (395, 107), (177, 366), (1072, 1163), (146, 962), (1105, 325), (253, 1200), (1286, 1015), (758, 293)]"
IA-MG245-W-A.jpg,35,"[1, 1, 1, 1, 1, 1, 1, 1, 1, 1, 1, 1, 1, 1, 1, 1, 1, 1, 2, 2, 2, 2, 2, 2, 2, 2, 2, 2, 2, 2, 2, 2, 2, 2, 2]","[(248, 508), (638, 369), (371, 1205), (140, 588), (251, 1035), (1087, 955), (206, 900), (534, 1353), (104, 798), (1586, 803), (1182, 821), (343, 440), (114, 701), (1419, 774), (469, 396), (1316, 1045), (1476, 1097), (785, 275), (229, 437), (479, 269), (345, 1371), (129, 519), (350, 346), (1348, 1203), (137, 997), (1048, 1356), (59, 845), (1519, 679), (885, 61), (1497, 1156), (67, 742), (1329, 477), (158, 1176), (1621, 764), (622, 190)]"
IA-MG245-S-B.jpg,28,"[1, 1, 1, 1, 1, 1, 1, 1, 1, 1, 1, 1, 1, 1, 2, 2, 2, 2, 2, 2, 2, 2, 2, 2, 2, 2, 2, 2]","[(1646, 1080), (723, 892), (483, 725), (1936, 820), (1538, 826), (606, 515), (849, 564), (316, 585), (746, 1120), (1470, 975), (1777, 788), (1108, 598), (1847, 1097), (426, 464), (1688, 1224), (488, 1142), (299, 869), (1955, 790), (1574, 534), (619, 303), (852, 181), (291, 602), (581, 1343), (1328, 1254), (1804, 712), (989, 149), (1842, 1154), (435, 394)]"
MN-MG789E-A.jpg,20,"[1, 1, 1, 1, 1, 1, 1, 1, 1, 2, 2, 2, 2, 2, 2, 2, 2, 2, 2, 2]","[(565, 1300), (510, 444), (304, 750), (1308, 1118), (195, 953), (1646, 743), (272, 1120), (1404, 1158), (1304, 713), (182, 1019), (187, 818), (274, 1162), (311, 529), (1464, 403), (191, 884), (1417, 1229), (557, 1477), (1346, 1267), (533, 262), (1796, 670)]"
IA-MG244-W-A.jpg,30,"[1, 1, 1, 1, 1, 1, 1, 1, 1, 1, 1, 1, 1, 1, 1, 2, 2, 2, 2, 2, 2, 2, 2, 2, 2, 2, 2, 2, 2, 2]","[(1329, 987), (108, 353), (169, 518), (275, 671), (530, 268), (358, 285), (980, 271), (1513, 652), (87, 419), (238, 893), (457, 1079), (1251, 669), (699, 238), (1562, 1110), (200, 346), (1399, 1390), (110, 344), (110, 586), (113, 801), (563, 179), (367, 183), (1133, 77), (1574, 570), (70, 464), (110, 1029), (332, 1343), (1355, 282), (718, 56), (1642, 1223), (188, 242)]"
IL-SF003-W-A.jpg,34,"[1, 1, 1, 1, 1, 1, 1, 1, 1, 1, 1, 1, 1, 1, 1, 1, 1, 2, 2, 2, 2, 2, 2, 2, 2, 2, 2, 2, 2, 2, 2, 2, 2, 2]","[(177, 561), (322, 374), (332, 1309), (119, 642), (244, 484), (1270, 1003), (135, 1043), (533, 1422), (89, 938), (1406, 681), (711, 285), (1579, 1110), (49, 788), (1043, 327), (197, 1168), (1688, 714), (547, 301), (193, 519), (383, 267), (341, 1422), (130, 591), (260, 417), (1267, 1461), (123, 1105), (572, 1693), (93, 987), (1480, 410), (806, 68), (1635, 1170), (36, 857), (1174, 153), (183, 1251), (1748, 640), (656, 220)]"
MN-SD002-E-B.jpg,24,"[1, 1, 1, 1, 1, 1, 1, 1, 1, 1, 1, 1, 2, 2, 2, 2, 2, 2, 2, 2, 2, 2, 2, 2]","[(198, 1159), (263, 1061), (222, 1241), (635, 1126), (1231, 1166), (185, 1090), (984, 1423), (345, 1317), (639, 1415), (1025, 1220), (367, 1038), (1178, 1514), (206, 1278), (195, 1068), (252, 1454), (395, 968), (1038, 955), (176, 1191), (1192, 1594), (382, 1694), (903, 1655), (583, 888), (276, 1025), (1310, 1129)]"
MN-SD002-W-A.jpg,30,"[1, 1, 1, 1, 1, 1, 1, 1, 1, 1, 1, 1, 1, 1, 1, 2, 2, 2, 2, 2, 2, 2, 2, 2, 2, 2, 2, 2, 2, 2]","[(630, 837), (100, 586), (147, 690), (199, 735), (340, 249), (241, 366), (1143, 465), (1278, 804), (107, 640), (249, 779), (302, 930), (1334, 434), (846, 503), (979, 647), (176, 509), (536, 1162), (101, 568), (152, 716), (193, 764), (308, 82), (194, 316), (1240, 311), (1346, 921), (106, 661), (206, 842), (297, 998), (1374, 381), (896, 232), (1001, 1048), (136, 451)]"
MB-MG529-W-A.jpg,28,"[1, 1, 1, 1, 1, 1, 1, 1, 1, 1, 1, 1, 1, 1, 2, 2, 2, 2, 2, 2, 2, 2, 2, 2, 2, 2, 2, 2]","[(1110, 729), (171, 682), (100, 580), (1338, 379), (554, 49), (197, 281), (271, 198), (72, 492), (277, 809), (452, 962), (1044, 339), (369, 111), (1383, 741), (111, 357), (1128, 975), (170, 767), (108, 640), (1371, 271), (575, 60), (217, 224), (292, 134), (69, 538), (265, 920), (462, 1063), (1080, 123), (397, 36), (1413, 809), (123, 319)]"
MB-MG528-E-A.jpg,28,"[1, 1, 1, 1, 1, 1, 1, 1, 1, 1, 1, 1, 1, 1, 2, 2, 2, 2, 2, 2, 2, 2, 2, 2, 2, 2, 2, 2]","[(1702, 668), (543, 1287), (362, 1082), (1214, 560), (471, 275), (235, 650), (270, 523), (208, 890), (1156, 991), (1423, 1080), (770, 175), (340, 404), (1491, 621), (177, 757), (1749, 623), (612, 1439), (351, 1196), (1352, 320), (518, 201), (271, 616), (297, 489), (213, 919), (1165, 1343), (1475, 1201), (864, 77), (357, 342), (1562, 503), (201, 708)]"
MB-MG513-N-B.jpg,16,"[1, 1, 1, 1, 1, 1, 1, 1, 2, 2, 2, 2, 2, 2, 2, 2]","[(618, 926), (1076, 891), (494, 809), (898, 885), (1145, 696), (885, 621), (546, 656), (628, 547), (601, 1029), (1087, 932), (489, 872), (885, 1018), (1169, 650), (931, 459), (535, 604), (642, 468)]"
MO-MG402-N-B.jpg,20,"[1, 1, 1, 1, 1, 1, 1, 1, 1, 1, 2, 2, 2, 2, 2, 2, 2, 2, 2, 2]","[(980, 849), (765, 471), (1447, 647), (1170, 1003), (634, 761), (1811, 807), (728, 855), (1557, 776), (949, 463), (663, 540), (1007, 1009), (957, 359), (678, 501), (1234, 1001), (644, 799), (1841, 844), (755, 895), (1565, 905), (786, 438), (1440, 486)]"
MO-MG403-E-B.jpg,16,"[1, 1, 1, 1, 1, 1, 1, 1, 2, 2, 2, 2, 2, 2, 2, 2]","[(602, 1216), (1633, 912), (205, 1112), (1260, 942), (1492, 520), (1211, 613), (219, 766), (624, 550), (740, 1503), (1670, 940), (189, 1246), (1386, 1007), (1520, 506), (1237, 286), (124, 646), (495, 205)]"
IL-SF001-N-A.jpg,16,"[1, 1, 1, 1, 1, 1, 1, 1, 2, 2, 2, 2, 2, 2, 2, 2]","[(665, 1137), (1439, 1037), (330, 1135), (1180, 931), (1422, 698), (1165, 767), (202, 810), (693, 656), (577, 1529), (1460, 1187), (342, 1272), (1076, 1358), (1455, 468), (978, 328), (178, 591), (399, 271)]"
OK-MG282-N-B.jpg,22,"[1, 1, 1, 1, 1, 1, 1, 1, 1, 1, 2, 2, 2, 2, 2, 2, 2, 2, 2, 2, 2, 2]","[(695, 1138), (810, 269), (369, 451), (1239, 928), (210, 879), (1490, 413), (336, 1087), (1523, 832), (483, 391), (1211, 391), (207, 995), (275, 485), (358, 1204), (472, 220), (1257, 267), (150, 770), (1588, 875), (792, 1388), (1356, 1009), (867, 122), (418, 404), (1542, 350)]"
IL-SF001-W-A.jpg,16,"[1, 1, 1, 1, 1, 1, 1, 1, 2, 2, 2, 2, 2, 2, 2, 2]","[(385, 1289), (1435, 815), (269, 960), (1014, 905), (1408, 658), (1112, 685), (279, 603), (463, 330), (397, 1466), (1387, 1212), (160, 1190), (862, 1468), (1425, 354), (895, 177), (233, 438), (527, 117)]"
MO-MG402-W-A.jpg,22,"[1, 1, 1, 1, 1, 1, 1, 1, 1, 1, 1, 2, 2, 2, 2, 2, 2, 2, 2, 2, 2, 2]","[(266, 738), (215, 559), (333, 789), (330, 559), (1057, 601), (228, 695), (1427, 773), (621, 812), (1050, 705), (641, 518), (1417, 588), (266, 768), (222, 532), (332, 904), (355, 600), (1197, 452), (231, 722), (1488, 794), (537, 1014), (1213, 871), (651, 248), (1493, 580)]"
MB-SD004-S-A.jpg,16,"[1, 1, 1, 1, 1, 1, 1, 2, 2, 2, 2, 2, 2, 2, 2, 2]","[(589, 494), (1322, 812), (570, 718), (881, 611), (1180, 676), (1030, 785), (1361, 634), (341, 736), (1390, 556), (1133, 542), (608, 385), (458, 913), (988, 946), (430, 470), (904, 406), (1345, 893)]"
MB-MG517-W-B.jpg,28,"[1, 1, 1, 1, 1, 1, 1, 1, 1, 1, 1, 1, 1, 1, 2, 2, 2, 2, 2, 2, 2, 2, 2, 2, 2, 2, 2, 2]","[(1046, 644), (437, 609), (326, 547), (1165, 355), (750, 251), (301, 328), (390, 295), (254, 476), (547, 704), (709, 746), (936, 247), (546, 252), (1250, 615), (241, 371), (1083, 824), (353, 729), (318, 609), (1208, 228), (781, 127), (303, 276), (358, 210), (241, 532), (538, 818), (728, 882), (963, 228), (559, 108), (1280, 642), (241, 341)]"
IA-MG243-W-A.jpg,24,"[1, 1, 1, 1, 1, 1, 1, 1, 1, 1, 1, 1, 2, 2, 2, 2, 2, 2, 2, 2, 2, 2, 2, 2]","[(180, 842), (169, 595), (571, 823), (742, 643), (1391, 659), (118, 750), (1452, 943), (1113, 812), (1310, 897), (1231, 740), (255, 548), (1530, 716), (158, 903), (172, 539), (236, 1111), (617, 92), (1425, 574), (87, 801), (1453, 988), (954, 1298), (1286, 1058), (1231, 396), (227, 479), (1556, 703)]"
IA-MG243-S-A.jpg,16,"[1, 1, 1, 1, 1, 1, 1, 1, 2, 2, 2, 2, 2, 2, 2, 2]","[(1233, 901), (1456, 660), (732, 944), (1411, 1014), (1213, 741), (793, 695), (263, 936), (217, 769), (1126, 1201), (1494, 541), (443, 1246), (1365, 1098), (1246, 401), (605, 90), (189, 679), (220, 953)]"
IN-MG631-E-A.jpg,32,"[1, 1, 1, 1, 1, 1, 1, 1, 1, 1, 1, 1, 1, 1, 1, 1, 2, 2, 2, 2, 2, 2, 2, 2, 2, 2, 2, 2, 2, 2, 2, 2]","[(1170, 1167), (407, 738), (177, 996), (1665, 1161), (293, 1218), (1761, 891), (1148, 442), (344, 766), (1978, 1244), (293, 837), (370, 1402), (609, 1485), (1963, 854), (1422, 510), (460, 558), (832, 488), (1012, 1730), (346, 679), (164, 1064), (1746, 1470), (280, 1233), (1866, 666), (1257, 251), (346, 734), (2015, 1362), (162, 891), (359, 1503), (720, 1525), (2009, 810), (1516, 238), (477, 363), (847, 195)]"
IL-MG604-S-A.jpg,36,"[1, 1, 1, 1, 1, 1, 1, 1, 1, 1, 1, 1, 1, 1, 1, 1, 1, 1, 2, 2, 2, 2, 2, 2, 2, 2, 2, 2, 2, 2, 2, 2, 2, 2, 2, 2]","[(300, 456), (706, 298), (849, 1345), (2244, 1000), (408, 1200), (1973, 1186), (617, 823), (1572, 1126), (498, 683), (2097, 796), (1411, 488), (408, 424), (197, 603), (1735, 713), (530, 378), (2233, 1106), (2453, 883), (989, 302), (408, 385), (1113, 123), (897, 1558), (330, 426), (385, 1374), (2051, 1312), (305, 1120), (1487, 1583), (387, 833), (2164, 867), (1799, 479), (548, 293), (181, 635), (2210, 693), (755, 176), (2274, 1147), (2483, 1124), (1586, 238)]"
IN-MG631-E-B.jpg,28,"[1, 1, 1, 1, 1, 1, 1, 1, 1, 1, 1, 1, 1, 1, 2, 2, 2, 2, 2, 2, 2, 2, 2, 2, 2, 2, 2, 2]","[(1454, 870), (342, 1113), (256, 1041), (1675, 591), (818, 608), (123, 882), (209, 699), (186, 966), (452, 1205), (795, 1194), (1448, 691), (244, 568), (1721, 907), (96, 824), (288, 485), (1700, 406), (1463, 1248), (113, 932), (181, 1030), (516, 1278), (375, 1157), (1704, 1018), (1226, 109), (676, 263), (86, 789), (281, 1067), (177, 622), (837, 1377)]"
MN-SD001-N-B.jpg,22,"[1, 1, 1, 1, 1, 1, 1, 1, 1, 1, 1, 2, 2, 2, 2, 2, 2, 2, 2, 2, 2, 2]","[(381, 1106), (172, 973), (797, 865), (327, 760), (683, 510), (194, 1081), (1263, 1032), (734, 1040), (1076, 992), (412, 538), (1087, 708), (422, 1144), (140, 903), (394, 963), (183, 567), (618, 161), (222, 1124), (1274, 1129), (520, 1445), (873, 1430), (325, 381), (934, 285)]"
MN-SD001-S-B.jpg,12,"[1, 1, 1, 1, 1, 1, 2, 2, 2, 2, 2, 2]","[(573, 960), (470, 496), (393, 845), (922, 872), (781, 418), (943, 269), (603, 1138), (310, 261), (363, 1018), (962, 1183), (741, 81), (978, 225)]"
MN-SD001-W-B.jpg,12,"[1, 1, 1, 1, 1, 1, 2, 2, 2, 2, 2, 2]","[(680, 1067), (266, 742), (421, 965), (1065, 971), (627, 694), (1095, 738), (566, 1395), (180, 654), (263, 1141), (902, 1403), (420, 301), (846, 337)]"
MO-MG404-W-B.jpg,22,"[1, 1, 1, 1, 1, 1, 1, 1, 1, 1, 1, 2, 2, 2, 2, 2, 2, 2, 2, 2, 2, 2]","[(252, 662), (1008, 357), (460, 860), (144, 371), (469, 172), (104, 580), (1524, 751), (871, 824), (1275, 728), (340, 284), (1358, 368), (200, 822), (154, 320), (438, 1031), (328, 175), (1053, 26), (49, 640), (1554, 818), (852, 1057), (1306, 924), (500, 74), (1375, 194)]"
MB-MG529-S-B.jpg,30,"[1, 1, 1, 1, 1, 1, 1, 1, 1, 1, 1, 1, 1, 1, 1, 2, 2, 2, 2, 2, 2, 2, 2, 2, 2, 2, 2, 2, 2, 2]","[(1056, 926), (55, 612), (98, 790), (157, 929), (335, 256), (184, 364), (1152, 578), (1511, 1067), (27, 711), (266, 1087), (496, 1190), (1492, 600), (566, 179), (1354, 951), (92, 488), (1087, 1198), (52, 545), (75, 886), (143, 1019), (377, 150), (196, 304), (1251, 225), (1532, 1081), (29, 737), (296, 1164), (541, 1294), (1566, 528), (666, 26), (1367, 1122), (94, 417)]"
MO-MG404-S-B.jpg,22,"[1, 1, 1, 1, 1, 1, 1, 1, 1, 1, 1, 2, 2, 2, 2, 2, 2, 2, 2, 2, 2, 2]","[(190, 646), (166, 390), (268, 790), (249, 277), (1027, 434), (136, 513), (1359, 809), (631, 904), (1203, 661), (459, 147), (1344, 501), (180, 695), (168, 350), (256, 887), (249, 219), (1117, 240), (136, 539), (1406, 833), (613, 1107), (1202, 871), (485, 28), (1398, 393)]"
MB-MG516-S-A.jpg,31,"[1, 1, 1, 1, 1, 1, 1, 1, 1, 1, 1, 1, 1, 1, 1, 2, 2, 2, 2, 2, 2, 2, 2, 2, 2, 2, 2, 2, 2, 2, 2]","[(1047, 854), (420, 489), (471, 724), (590, 807), (736, 341), (660, 421), (1200, 391), (1427, 801), (434, 630), (724, 862), (893, 909), (1412, 488), (923, 279), (1111, 897), (480, 425), (923, 943), (555, 420), (412, 688), (1050, 875), (461, 789), (1436, 468), (978, 148), (409, 452), (1120, 1003), (376, 593), (602, 887), (713, 967), (1448, 848), (1230, 267), (583, 277), (743, 200)]"
MB-MG513-W-A.jpg,16,"[1, 1, 1, 1, 1, 1, 1, 1, 2, 2, 2, 2, 2, 2, 2, 2]","[(414, 919), (1262, 787), (134, 755), (963, 777), (1289, 543), (996, 601), (196, 483), (508, 375), (343, 1259), (1342, 948), (111, 899), (1075, 1139), (1345, 446), (1135, 329), (231, 388), (542, 135)]"
MB-MG516-E-B.jpg,16,"[1, 1, 1, 1, 1, 1, 1, 1, 2, 2, 2, 2, 2, 2, 2, 2]","[(507, 860), (1014, 928), (401, 747), (658, 1034), (1134, 504), (704, 436), (482, 623), (518, 549), (458, 983), (1090, 1068), (388, 818), (684, 1188), (1125, 426), (676, 357), (484, 569), (488, 482)]"
IL-SF003-N-A.jpg,24,"[1, 1, 1, 1, 1, 1, 1, 1, 1, 1, 1, 2, 2, 2, 2, 2, 2, 2, 2, 2, 2, 2, 2, 2]","[(150, 923), (313, 269), (353, 1098), (491, 269), (1064, 291), (87, 728), (1421, 825), (656, 1196), (1125, 884), (633, 202), (1394, 361), (1166, 1012), (164, 999), (87, 811), (1445, 315), (681, 112), (239, 297), (381, 228), (72, 651), (421, 1224), (773, 1307), (1142, 156), (511, 218), (1449, 869)]"
IL-SF002-S-A.jpg,20,"[1, 1, 1, 1, 1, 1, 1, 1, 1, 1, 2, 2, 2, 2, 2, 2, 2, 2, 2, 2]","[(901, 721), (581, 457), (88, 683), (1235, 699), (170, 846), (1233, 501), (502, 803), (1382, 846), (382, 577), (1056, 564), (755, 1220), (506, 68), (71, 629), (1171, 1119), (185, 936), (1288, 311), (351, 1124), (1431, 915), (218, 351), (948, 83)]"
IL-MG604-E-A.jpg,24,"[1, 1, 1, 1, 1, 1, 1, 1, 1, 1, 1, 1, 2, 2, 2, 2, 2, 2, 2, 2, 2, 2, 2, 2]","[(325, 1057), (330, 613), (584, 1274), (1071, 528), (1887, 914), (241, 842), (2486, 861), (634, 1347), (1738, 1071), (1117, 424), (494, 475), (2327, 849), (263, 1202), (330, 538), (598, 1327), (1050, 463), (1979, 572), (195, 929), (2512, 852), (560, 1581), (1624, 1477), (1170, 123), (504, 296), (2356, 782)]"
MB-MG530-N-B.jpg,26,"[1, 1, 1, 1, 1, 1, 1, 1, 1, 1, 1, 1, 2, 2, 2, 2, 2, 2, 2, 2, 2, 2, 2, 2, 2, 2]","[(407, 614), (351, 356), (569, 708), (519, 216), (1234, 480), (339, 519), (1467, 775), (757, 762), (1226, 658), (880, 308), (410, 294), (1461, 508), (722, 898), (323, 554), (297, 379), (1508, 810), (1350, 291), (409, 235), (541, 133), (286, 462), (401, 683), (645, 827), (1540, 434), (899, 164), (1262, 924), (347, 325)]"
IN-MG638-S-A.jpg,28,"[1, 1, 1, 1, 1, 1, 1, 1, 1, 1, 1, 1, 1, 1, 2, 2, 2, 2, 2, 2, 2, 2, 2, 2, 2, 2, 2, 2]","[(1175, 1012), (221, 1139), (139, 915), (1790, 1080), (1655, 749), (637, 661), (546, 542), (157, 975), (405, 1255), (612, 1481), (1876, 768), (1280, 717), (1568, 971), (225, 699), (1622, 1241), (475, 1439), (227, 1213), (1913, 731), (1261, 149), (310, 540), (528, 566), (135, 1044), (762, 1638), (1068, 1511), (1782, 637), (516, 473), (1828, 1151), (127, 860)]"
MN-MG788E-A.jpg,22,"[1, 1, 1, 1, 1, 1, 1, 1, 1, 1, 1, 2, 2, 2, 2, 2, 2, 2, 2, 2, 2, 2]","[(269, 975), (1810, 828), (707, 1264), (2154, 787), (1986, 1256), (274, 1208), (999, 1497), (642, 835), (1011, 589), (2246, 1259), (1536, 1362), (599, 1634), (247, 890), (787, 1779), (505, 597), (1656, 433), (250, 1331), (2299, 1360), (1524, 1998), (2044, 1574), (825, 238), (2178, 678)]"
IN-MG638-E-B.jpg,28,"[1, 1, 1, 1, 1, 1, 1, 1, 1, 1, 1, 1, 1, 1, 2, 2, 2, 2, 2, 2, 2, 2, 2, 2, 2, 2, 2, 2]","[(1067, 1273), (322, 907), (318, 1001), (1580, 882), (1812, 645), (694, 477), (1454, 690), (364, 1092), (430, 1220), (773, 1131), (1757, 841), (1682, 652), (1323, 1052), (675, 809), (1161, 1512), (439, 1252), (375, 1154), (1650, 1022), (1831, 612), (709, 294), (1463, 277), (299, 976), (307, 826), (805, 1576), (1814, 958), (1744, 546), (1514, 1342), (397, 560)]"
MB-MG530-E-A.jpg,20,"[1, 1, 1, 1, 1, 1, 1, 1, 1, 1, 2, 2, 2, 2, 2, 2, 2, 2, 2, 2]","[(535, 768), (439, 211), (223, 321), (1005, 619), (198, 496), (1114, 476), (285, 636), (1160, 769), (360, 271), (743, 285), (516, 990), (471, 108), (251, 273), (997, 883), (195, 560), (1191, 245), (276, 720), (1196, 788), (380, 217), (785, 17)]"
MB-MG530-E-B.jpg,20,"[1, 1, 1, 1, 1, 1, 1, 1, 1, 1, 2, 2, 2, 2, 2, 2, 2, 2, 2, 2]","[(581, 859), (817, 288), (397, 436), (1089, 690), (342, 630), (1375, 504), (448, 754), (1345, 743), (591, 322), (1159, 554), (589, 1016), (869, 158), (431, 339), (1151, 903), (344, 676), (1415, 411), (439, 830), (1379, 788), (628, 246), (1216, 339)]"
MB-MG518-S-A.jpg,24,"[1, 1, 1, 1, 1, 1, 1, 1, 1, 1, 1, 1, 2, 2, 2, 2, 2, 2, 2, 2, 2, 2, 2, 2]","[(467, 632), (957, 837), (707, 708), (447, 372), (829, 309), (406, 561), (1426, 372), (1176, 746), (1445, 777), (597, 278), (372, 450), (1260, 417), (425, 710), (362, 411), (628, 915), (632, 341), (1226, 278), (389, 600), (1472, 829), (987, 869), (1156, 974), (774, 70), (447, 297), (1440, 328)]"
MN-MG790W-A.jpg,20,"[1, 1, 1, 1, 1, 1, 1, 1, 1, 1, 2, 2, 2, 2, 2, 2, 2, 2, 2, 2]","[(851, 1517), (633, 775), (500, 1088), (1140, 1046), (546, 1269), (1414, 913), (678, 1432), (1328, 1069), (444, 885), (1254, 951), (964, 1601), (558, 482), (370, 974), (1181, 1331), (508, 1437), (1461, 864), (737, 1560), (1348, 1162), (413, 776), (1305, 663)]"
IN-MG638-S-B.jpg,26,"[1, 1, 1, 1, 1, 1, 1, 1, 1, 1, 1, 1, 1, 2, 2, 2, 2, 2, 2, 2, 2, 2, 2, 2, 2, 2]","[(1613, 976), (447, 1249), (294, 1104), (1613, 815), (447, 755), (1265, 815), (227, 962), (306, 1021), (807, 1312), (1270, 947), (637, 615), (224, 861), (1791, 770), (1563, 1156), (531, 1432), (287, 1152), (1714, 644), (583, 306), (211, 938), (227, 811), (274, 1046), (937, 1461), (1175, 1314), (1265, 312), (321, 613), (1832, 727)]"
IL-SF002-W-B.jpg,14,"[1, 1, 1, 1, 1, 1, 1, 2, 2, 2, 2, 2, 2, 2]","[(747, 700), (1103, 525), (614, 614), (1125, 651), (1268, 497), (1255, 740), (739, 436), (688, 900), (1085, 186), (519, 722), (1011, 939), (1322, 359), (1273, 895), (628, 183)]"
MN-SD001-W-A.jpg,20,"[1, 1, 1, 1, 1, 1, 1, 1, 1, 1, 2, 2, 2, 2, 2, 2, 2, 2, 2, 2]","[(670, 1024), (640, 493), (107, 672), (1285, 906), (122, 800), (1336, 729), (372, 935), (1254, 1076), (401, 564), (1094, 721), (480, 1419), (531, 155), (104, 612), (967, 1227), (72, 873), (1335, 623), (187, 1100), (1265, 1141), (329, 332), (956, 334)]"
MO-MG403-W-B.jpg,20,"[1, 1, 1, 1, 1, 1, 1, 1, 1, 1, 2, 2, 2, 2, 2, 2, 2, 2, 2, 2]","[(1230, 891), (533, 605), (386, 840), (1491, 837), (506, 983), (1240, 612), (825, 1075), (1439, 559), (469, 720), (778, 457), (1269, 1018), (488, 497), (374, 801), (1506, 851), (497, 1120), (1258, 482), (879, 1228), (1455, 535), (458, 658), (828, 306)]"
MO-MG404-W-A.jpg,17,"[1, 1, 1, 1, 1, 1, 1, 1, 2, 2, 2, 2, 2, 2, 2, 2, 2]","[(1016, 871), (1745, 842), (487, 886), (1459, 795), (1837, 487), (1483, 600), (503, 299), (1088, 438), (496, 77), (1450, 1050), (1010, 1176), (1109, 106), (535, 1050), (1885, 427), (66, 357), (1566, 285), (1793, 884)]"
IL-SF002-E-B.jpg,18,"[1, 1, 1, 1, 1, 1, 1, 1, 1, 2, 2, 2, 2, 2, 2, 2, 2, 2]","[(291, 598), (758, 397), (373, 404), (787, 789), (213, 710), (1208, 761), (703, 638), (1050, 758), (1049, 455), (792, 1021), (343, 249), (184, 499), (1052, 893), (220, 746), (1138, 287), (421, 945), (1228, 800), (766, 123)]"
IL-MG603-S-A.jpg,34,"[1, 1, 1, 1, 1, 1, 1, 1, 1, 1, 1, 1, 1, 1, 1, 1, 1, 2, 2, 2, 2, 2, 2, 2, 2, 2, 2, 2, 2, 2, 2, 2, 2, 2]","[(355, 662), (630, 377), (885, 1307), (285, 755), (442, 520), (2042, 1127), (412, 1172), (1420, 1265), (320, 995), (2315, 760), (1410, 622), (2375, 1177), (282, 890), (1992, 772), (607, 1360), (2627, 1135), (900, 332), (347, 602), (655, 212), (837, 1752), (282, 710), (502, 457), (2080, 1500), (385, 1285), (1322, 1770), (305, 1062), (2380, 675), (1452, 165), (2425, 1250), (277, 945), (2097, 575), (632, 1547), (2660, 1160), (1137, 122)]"
IN-MG636-N-A.jpg,28,"[1, 1, 1, 1, 1, 1, 1, 1, 1, 1, 1, 1, 1, 1, 2, 2, 2, 2, 2, 2, 2, 2, 2, 2, 2, 2, 2, 2]","[(1624, 971), (505, 1263), (356, 1141), (1914, 645), (902, 267), (389, 711), (383, 602), (271, 1018), (711, 1348), (1054, 1350), (1640, 740), (620, 411), (1892, 1081), (237, 855), (1677, 1259), (531, 1334), (377, 1202), (1989, 559), (896, 119), (300, 671), (379, 503), (283, 1075), (752, 1434), (1115, 1454), (1647, 334), (614, 330), (1953, 1158), (239, 819)]"
IN-MG636-E-B.jpg,22,"[1, 1, 1, 1, 1, 1, 1, 1, 1, 1, 1, 2, 2, 2, 2, 2, 2, 2, 2, 2, 2, 2]","[(333, 951), (143, 570), (530, 1030), (242, 419), (732, 262), (169, 730), (1581, 504), (1149, 750), (1479, 773), (420, 253), (1333, 543), (353, 1018), (141, 508), (581, 1194), (245, 337), (754, 109), (167, 843), (1616, 493), (1119, 972), (1503, 836), (413, 143), (1387, 368)]"
IL-MG604-W-B.jpg,30,"[1, 1, 1, 1, 1, 1, 1, 1, 1, 1, 1, 1, 1, 1, 1, 2, 2, 2, 2, 2, 2, 2, 2, 2, 2, 2, 2, 2, 2, 2]","[(1757, 1065), (160, 816), (192, 960), (244, 1046), (628, 566), (252, 676), (1903, 849), (2489, 1166), (158, 897), (482, 1130), (1092, 1061), (2254, 789), (1241, 720), (2222, 1135), (182, 765), (1586, 1500), (151, 801), (172, 989), (225, 1089), (676, 261), (237, 600), (1822, 482), (2523, 1200), (144, 909), (496, 1298), (1001, 1591), (2268, 691), (1257, 180), (2218, 1358), (160, 746)]"
OH-MG805E-B.jpg,16,"[1, 1, 1, 1, 1, 1, 1, 1, 2, 2, 2, 2, 2, 2, 2, 2]","[(784, 1297), (1967, 1454), (319, 1161), (1587, 1403), (1967, 1343), (1693, 1322), (395, 1081), (934, 1138), (271, 1645), (1801, 1744), (140, 1293), (989, 1900), (2054, 1081), (1525, 655), (232, 904), (437, 570)]"
MB-MG528-E-B.jpg,30,"[1, 1, 1, 1, 1, 1, 1, 1, 1, 1, 1, 1, 1, 1, 1, 2, 2, 2, 2, 2, 2, 2, 2, 2, 2, 2, 2, 2, 2, 2]","[(906, 774), (41, 550), (97, 786), (175, 876), (259, 227), (144, 367), (903, 368), (1359, 718), (41, 699), (253, 975), (441, 1077), (1170, 404), (472, 153), (1162, 751), (78, 472), (959, 956), (28, 531), (98, 826), (177, 931), (290, 163), (147, 295), (950, 205), (1375, 732), (36, 733), (283, 1061), (504, 1158), (1207, 333), (506, 48), (1204, 822), (78, 429)]"
MB-MG518-N-A.jpg,14,"[1, 1, 1, 1, 1, 1, 1, 2, 2, 2, 2, 2, 2, 2]","[(545, 854), (384, 449), (283, 729), (947, 985), (726, 319), (1109, 253), (259, 525), (539, 1003), (403, 348), (303, 781), (968, 1023), (759, 148), (1142, 226), (261, 480)]"
MB-MG529-E-B.jpg,32,"[1, 1, 1, 1, 1, 1, 1, 1, 1, 1, 1, 1, 1, 1, 1, 1, 2, 2, 2, 2, 2, 2, 2, 2, 2, 2, 2, 2, 2, 2, 2, 2]","[(612, 989), (378, 505), (341, 641), (994, 895), (371, 709), (1108, 587), (663, 368), (326, 553), (1223, 890), (315, 600), (400, 798), (491, 906), (1266, 600), (808, 368), (434, 460), (545, 389), (615, 1088), (389, 473), (337, 668), (1016, 1107), (349, 750), (1189, 467), (692, 304), (329, 525), (1283, 982), (315, 615), (392, 862), (493, 974), (1306, 547), (852, 298), (446, 399), (570, 349)]"
IL-MG604-N-B.jpg,30,"[1, 1, 1, 1, 1, 1, 1, 1, 1, 1, 1, 1, 1, 1, 1, 2, 2, 2, 2, 2, 2, 2, 2, 2, 2, 2, 2, 2, 2, 2]","[(1121, 913), (140, 710), (154, 796), (184, 855), (891, 577), (323, 514), (1762, 625), (1794, 952), (140, 752), (275, 976), (815, 966), (1979, 653), (1445, 641), (1455, 845), (154, 674), (1226, 978), (142, 700), (133, 766), (172, 887), (933, 101), (315, 430), (1800, 500), (1816, 1040), (144, 817), (262, 1038), (1054, 1334), (2021, 627), (1475, 325), (1401, 1050), (150, 647)]"
MN-SD002-E-A.jpg,24,"[1, 1, 1, 1, 1, 1, 1, 1, 1, 1, 1, 1, 2, 2, 2, 2, 2, 2, 2, 2, 2, 2, 2, 2]","[(248, 865), (161, 576), (336, 1023), (546, 466), (1243, 676), (152, 702), (1601, 1159), (752, 1070), (1332, 1020), (730, 312), (308, 566), (1631, 806), (185, 958), (178, 546), (198, 1187), (589, 278), (1313, 286), (124, 746), (1648, 1313), (438, 1661), (1183, 1440), (732, 79), (293, 416), (1748, 564)]"
MN-MG790W-B.jpg,24,"[1, 1, 1, 1, 1, 1, 1, 1, 1, 1, 1, 1, 2, 2, 2, 2, 2, 2, 2, 2, 2, 2, 2, 2]","[(654, 907), (606, 620), (880, 950), (791, 273), (1448, 620), (518, 811), (1518, 882), (1107, 850), (1364, 806), (1276, 708), (750, 491), (1545, 753), (642, 1146), (564, 485), (887, 1215), (885, 118), (1512, 554), (496, 894), (1531, 917), (1120, 1147), (1398, 995), (1401, 483), (691, 300), (1587, 704)]"
IA-MG245-E-B.jpg,30,"[1, 1, 1, 1, 1, 1, 1, 1, 1, 1, 1, 1, 1, 1, 1, 2, 2, 2, 2, 2, 2, 2, 2, 2, 2, 2, 2, 2, 2, 2]","[(1467, 1013), (112, 639), (107, 824), (198, 934), (498, 519), (367, 573), (1376, 826), (1952, 737), (86, 685), (344, 1076), (723, 1182), (1678, 772), (695, 461), (1802, 1102), (184, 599), (79, 849), (1985, 690), (1369, 1596), (774, 1519), (814, 138), (1591, 337), (369, 458), (95, 606), (1814, 1118), (243, 1280), (149, 1004), (201, 517), (456, 311), (74, 706), (1802, 468)]"
MB-MG517-E-A.jpg,20,"[1, 1, 1, 1, 1, 1, 1, 1, 1, 1, 2, 2, 2, 2, 2, 2, 2, 2, 2, 2]","[(524, 690), (727, 239), (419, 404), (710, 839), (310, 550), (1316, 716), (381, 608), (970, 890), (535, 332), (1124, 198), (484, 835), (713, 87), (424, 349), (704, 959), (318, 581), (1385, 851), (375, 668), (1001, 968), (521, 212), (1134, 136)]"
MB-MG518-N-B.jpg,8,"[1, 1, 1, 1, 2, 2, 2, 2]","[(588, 670), (1085, 629), (1028, 267), (509, 333), (613, 838), (1129, 866), (1036, 36), (498, 196)]"
MO-MG404-S-A.jpg,24,"[1, 1, 1, 1, 1, 1, 1, 1, 1, 1, 1, 2, 2, 2, 2, 2, 2, 2, 2, 2, 2, 2, 2, 2]","[(580, 993), (114, 545), (1096, 780), (383, 350), (1151, 462), (269, 840), (1580, 445), (1435, 875), (1671, 832), (767, 285), (1425, 450), (1480, 1006), (196, 980), (130, 787), (1637, 416), (1177, 232), (90, 469), (383, 172), (100, 611), (554, 1285), (1074, 1103), (1467, 364), (812, 22), (1713, 845)]"
MN-MG788N-B.jpg,20,"[1, 1, 1, 1, 1, 1, 1, 1, 1, 1, 2, 2, 2, 2, 2, 2, 2, 2, 2, 2]","[(1537, 1111), (439, 800), (567, 1259), (1888, 1171), (437, 1137), (1698, 945), (1016, 1185), (1971, 909), (268, 971), (805, 679), (698, 1608), (817, 377), (211, 879), (1423, 1503), (382, 1259), (2107, 641), (667, 1285), (1857, 1404), (330, 584), (1606, 268)]"
