,0,1,2,3,4,5,6,7,8,9,10,11,12,13,14,15,16,17,18,19,20,21,22,23,24,25,26,27,28,29,30,31,32,33,34,35,36,37
MB-SD005-N-B.jpg,836,1096,393,1126,311,288,424,217,171,518,963,434,234,817,887,842,778,269,614,176,,,,,,,,,,,,,,,,,,
MO-MG402-E-B.jpg,550,121,654,153,250,761,856,1299,278,1435,418,155,995,573,409,1687,257,487,850,309,287,282,,,,,,,,,,,,,,,,
MB-MG516-S-B.jpg,940,1040,804,1362,187,660,1022,724,756,382,336,1113,911,514,476,417,434,1335,,,,,,,,,,,,,,,,,,,,
IL-MG604-N-A.jpg,648,2101,1697,1234,958,186,809,285,1283,232,443,1726,305,1050,846,2340,1460,1697,1589,533,1421,324,1699,800,1428,1996,1161,160,450,678,607,441,1345,2288,,,,
IL-SF001-W-B.jpg,246,288,1343,336,315,1162,1166,941,1007,178,76,545,496,183,819,109,,,,,,,,,,,,,,,,,,,,,,
MO-MG404-N-A.jpg,410,1577,1107,320,973,1475,219,1301,1108,1118,1195,503,718,38,85,449,32,755,203,265,,,,,,,,,,,,,,,,,,
IN-MG638-N-A.jpg,260,1158,797,139,1173,279,539,213,264,490,390,1510,1561,1029,431,1652,988,1629,1254,709,995,1427,,,,,,,,,,,,,,,,
MB-MG517-E-B.jpg,276,1134,193,522,776,344,316,369,1001,1176,919,542,934,945,901,1451,409,1305,627,318,155,815,,,,,,,,,,,,,,,,
MN-SD002-W-A.jpg,842,206,568,101,82,308,716,152,764,193,998,297,316,194,232,896,921,1346,451,136,381,1374,1162,536,1048,1001,661,106,311,1240,,,,,,,,
IA-MG243-S-A.jpg,541,1494,401,1246,1201,1126,953,220,90,605,1098,1365,679,189,1246,443,,,,,,,,,,,,,,,,,,,,,,
IN-MG636-E-A.jpg,1319,451,291,165,130,399,18,687,463,53,1250,1354,1016,107,1097,1725,683,1886,414,1491,778,76,,,,,,,,,,,,,,,,
IL-SF002-N-A.jpg,803,379,1012,882,965,545,292,1270,434,365,580,296,881,1129,360,1040,173,524,,,,,,,,,,,,,,,,,,,,
MO-MG404-W-B.jpg,822,200,26,1053,1031,438,1057,852,320,154,924,1306,818,1554,194,1375,175,328,74,500,640,49,,,,,,,,,,,,,,,,
MB-MG516-W-A.jpg,493,507,552,1182,444,796,1133,784,596,1402,1109,542,1239,1245,949,399,,,,,,,,,,,,,,,,,,,,,,
IL-SF001-W-A.jpg,177,895,354,1425,1466,397,1468,862,1190,160,117,527,1212,1387,438,233,,,,,,,,,,,,,,,,,,,,,,
MN-MG788N-B.jpg,584,330,641,2107,1285,667,377,817,879,211,268,1606,1404,1857,1503,1423,1259,382,1608,698,,,,,,,,,,,,,,,,,,
MN-SD001-N-B.jpg,381,325,1445,520,1129,1274,567,183,285,934,1124,222,1144,422,903,140,161,618,1430,873,963,394,,,,,,,,,,,,,,,,
MO-MG402-W-A.jpg,600,355,768,266,248,651,794,1488,580,1493,452,1197,532,222,1014,537,722,231,871,1213,904,332,,,,,,,,,,,,,,,,
IL-SF003-E-A.jpg,1181,573,273,1547,132,453,161,1255,953,239,390,186,1074,1157,,,,,,,,,,,,,,,,,,,,,,,,
MN-MG790W-A.jpg,1601,964,1560,737,1331,1181,776,413,663,1305,1162,1348,482,558,864,1461,974,370,1437,508,,,,,,,,,,,,,,,,,,
IL-SF001-E-B.jpg,1365,1021,512,173,1006,1210,338,982,448,1188,209,340,1466,444,1168,209,,,,,,,,,,,,,,,,,,,,,,
MB-SD004-E-B.jpg,929,832,885,1136,514,1135,849,392,332,494,435,877,505,344,631,322,,,,,,,,,,,,,,,,,,,,,,
IN-MG631-E-B.jpg,1377,837,485,288,263,676,1018,1704,1030,181,789,86,1248,1463,1067,281,1278,516,1157,375,406,1700,932,113,109,1226,622,177,,,,,,,,,,
MO-MG402-E-A.jpg,59,1141,0,773,391,1594,275,125,1001,1589,1163,442,1099,1159,576,1764,654,85,,,,,,,,,,,,,,,,,,,,
OH-MG805N-A.jpg,1168,2263,1994,2374,244,1260,1274,2605,2032,1600,768,187,1784,309,2488,1075,1839,2518,,,,,,,,,,,,,,,,,,,,
IN-MG636-N-B.jpg,604,102,1142,1490,1054,200,1278,810,624,1750,1108,290,1244,541,211,428,1153,408,1014,127,1267,980,726,82,75,738,835,48,1006,1750,398,1499,408,184,,,,
IN-MG631-S-A.jpg,1501,1709,672,98,1393,306,833,27,11,1180,1730,833,1489,645,501,183,1151,123,1283,1963,601,1979,91,803,226,544,407,1700,995,82,,,,,,,,
MN-SD001-S-B.jpg,261,310,1138,603,1183,962,1018,363,225,978,81,741,,,,,,,,,,,,,,,,,,,,,,,,,,
IL-SF001-N-B.jpg,1015,1286,1200,253,962,146,325,1105,107,395,1414,507,1163,1072,293,758,366,177,,,,,,,,,,,,,,,,,,,,
IL-MG603-E-B.jpg,381,1226,734,1339,258,825,704,449,1010,936,943,585,657,1504,423,1479,418,565,985,725,618,470,541,550,862,500,915,1166,,,,,,,,,,
OH-MG805W-B.jpg,1071,388,656,1463,446,238,632,175,139,902,1334,1003,785,217,1226,1606,792,1646,1329,338,1345,1472,545,1235,379,343,235,548,,,,,,,,,,
MB-MG518-S-B.jpg,457,404,680,411,153,738,755,640,757,499,618,370,324,1158,503,371,242,1012,292,578,662,744,750,1004,763,1131,377,458,,,,,,,,,,
IL-MG604-S-A.jpg,238,1586,1583,1487,123,1113,1120,305,426,330,1374,385,1558,897,1124,2483,833,387,1312,2051,293,548,1147,2274,693,2210,479,1799,635,181,176,755,385,408,867,2164,,
MB-MG516-S-A.jpg,875,1050,148,978,688,412,848,1448,1003,1120,200,743,887,602,452,409,277,583,943,923,267,1230,789,461,593,376,468,1436,967,713,420,555,,,,,,
IN-MG631-S-B.jpg,535,171,1118,251,1252,1593,1458,702,944,205,424,240,1328,426,1449,1135,299,1222,182,572,112,778,838,149,1120,1909,572,1881,292,359,361,1608,643,125,,,,
MB-MG529-W-A.jpg,271,1371,123,1080,920,265,319,123,767,170,224,217,640,108,134,292,60,575,538,69,809,1413,1063,462,975,1128,36,397,,,,,,,,,,
MO-MG404-N-B.jpg,398,131,1185,263,208,287,975,89,29,613,457,1639,1028,1455,959,1620,1117,616,273,1182,392,1447,1280,1234,,,,,,,,,,,,,,
IA-MG244-N-A.jpg,1123,389,118,1025,908,220,418,569,249,767,548,1426,1409,593,1175,1642,733,1637,681,101,1224,1502,445,229,1252,1222,,,,,,,,,,,,
IN-MG636-S-A.jpg,256,1198,1364,1340,898,82,1388,660,347,198,1129,1776,1172,230,88,604,250,461,515,1632,,,,,,,,,,,,,,,,,,
MB-SD004-N-B.jpg,213,721,720,533,516,1199,803,1206,322,1077,375,511,873,996,887,689,,,,,,,,,,,,,,,,,,,,,,
MB-MG530-N-B.jpg,291,1350,898,722,434,1540,462,286,164,899,924,1262,810,1508,827,645,554,323,235,409,133,541,325,347,683,401,379,297,,,,,,,,,,
MB-MG528-E-B.jpg,295,147,429,78,163,290,333,1207,1061,283,826,98,205,950,931,177,733,36,732,1375,48,506,822,1204,531,28,956,959,1158,504,,,,,,,,
IN-MG636-E-B.jpg,337,245,493,1616,508,141,1194,581,836,1503,143,413,843,167,972,1119,1018,353,368,1387,109,754,,,,,,,,,,,,,,,,
MB-MG518-N-A.jpg,480,261,1023,968,348,403,226,1142,1003,539,148,759,781,303,,,,,,,,,,,,,,,,,,,,,,,,
IL-SF002-E-B.jpg,1021,792,893,1052,287,1138,945,421,800,1228,746,220,123,766,249,343,499,184,,,,,,,,,,,,,,,,,,,,
MO-MG404-S-A.jpg,416,1637,22,812,787,130,1285,554,980,196,232,1177,364,1467,1006,1480,845,1713,1103,1074,611,100,469,90,172,383,,,,,,,,,,,,
MN-MG790E-B.jpg,1279,2205,1715,913,1220,311,1367,1817,1328,2026,890,170,1041,162,935,2065,1127,244,535,725,462,978,1333,1568,805,313,1400,436,1572,661,1021,2208,844,1827,,,,
MN-MG789S-A.jpg,1636,1525,968,279,1587,396,1822,678,303,1664,670,2112,1340,1890,283,966,554,488,1370,290,,,,,,,,,,,,,,,,,,
IA-MG243-W-A.jpg,539,172,988,1453,903,158,1111,236,801,87,574,1425,1298,954,396,1231,1058,1286,703,1556,479,227,92,617,,,,,,,,,,,,,,
IA-MG245-W-A.jpg,1203,1348,519,129,1371,345,61,885,1356,1048,679,1519,346,350,190,622,437,229,742,67,269,479,477,1329,1156,1497,997,137,845,59,1176,158,764,1621,,,,
IL-SF001-S-A.jpg,1218,1095,1030,1365,1202,246,149,412,349,216,352,945,,,,,,,,,,,,,,,,,,,,,,,,,,
IL-SF001-N-A.jpg,468,1455,1358,1076,1187,1460,1529,577,271,399,328,978,591,178,1272,342,,,,,,,,,,,,,,,,,,,,,,
MB-MG516-E-A.jpg,800,493,806,974,579,399,106,443,726,1122,,,,,,,,,,,,,,,,,,,,,,,,,,,,
MN-MG790N-B.jpg,221,839,1673,1218,723,1510,1429,357,1054,1530,1097,256,463,492,1470,1505,,,,,,,,,,,,,,,,,,,,,,
OH-MG805E-A.jpg,1847,1086,1189,331,335,697,922,193,377,1472,492,1902,1541,2047,1617,1642,1511,414,697,1396,519,349,1320,1348,,,,,,,,,,,,,,
MB-MG517-N-B.jpg,781,653,289,655,988,1013,312,1314,853,662,286,1065,896,1279,781,455,,,,,,,,,,,,,,,,,,,,,,
IN-MG638-S-B.jpg,1046,274,1156,1563,1432,531,1461,937,644,1714,306,583,613,321,727,1832,1314,1175,1152,287,811,227,312,1265,938,211,,,,,,,,,,,,
MB-MG513-N-B.jpg,459,931,468,642,932,1087,1018,885,1029,601,872,489,604,535,650,1169,,,,,,,,,,,,,,,,,,,,,,
MB-MG513-W-A.jpg,135,542,388,231,948,1342,1139,1075,899,111,329,1135,446,1345,1259,343,,,,,,,,,,,,,,,,,,,,,,
MO-MG403-N-B.jpg,1679,809,385,1500,691,1790,1038,116,1152,1755,1322,1512,167,492,1277,221,396,239,562,149,1438,518,809,31,40,899,,,,,,,,,,,,
MO-MG404-S-B.jpg,350,168,219,249,1107,613,695,180,28,485,393,1398,240,1117,833,1406,887,256,871,1202,539,136,,,,,,,,,,,,,,,,
IN-MG631-E-A.jpg,734,346,1362,2015,810,2009,891,162,666,1866,1525,720,363,477,1233,280,195,847,238,1516,1064,164,251,1257,1730,1012,1470,1746,1503,359,679,346,,,,,,
MB-SD004-W-B.jpg,851,923,419,1146,812,1157,687,261,210,399,941,385,363,887,,,,,,,,,,,,,,,,,,,,,,,,
MB-MG518-W-B.jpg,280,480,75,841,730,767,232,1225,627,1086,172,1120,633,562,514,460,209,554,107,684,,,,,,,,,,,,,,,,,,
MB-SD004-E-A.jpg,996,421,327,787,583,190,427,266,413,1079,859,265,832,1029,280,378,923,771,697,194,,,,,,,,,,,,,,,,,,
MB-MG517-W-B.jpg,108,559,609,318,276,303,642,1280,729,353,341,241,882,728,818,538,127,781,210,358,532,241,824,1083,228,1208,228,963,,,,,,,,,,
IA-MG245-S-B.jpg,534,1574,602,291,790,1955,394,435,869,299,149,989,1154,1842,1142,488,1254,1328,1343,581,712,1804,303,619,1224,1688,181,852,,,,,,,,,,
MB-MG513-S-B.jpg,1255,561,459,617,702,1315,1003,305,500,1054,1262,1091,711,331,1123,1371,,,,,,,,,,,,,,,,,,,,,,
MB-MG530-N-A.jpg,667,431,786,577,392,1668,902,732,133,609,992,984,799,1563,325,402,860,1346,24,971,296,1501,,,,,,,,,,,,,,,,
MB-MG529-E-A.jpg,628,188,779,171,1017,346,1081,1492,535,1610,1135,497,1177,1206,464,330,359,1284,880,231,177,680,302,445,1207,721,557,269,,,,,,,,,,
IA-MG244-S-B.jpg,390,204,1448,808,193,377,507,175,713,1791,1246,1347,643,1518,1203,1652,1033,183,716,94,850,150,342,1279,1297,284,47,637,579,125,,,,,,,,
MN-SD002-E-A.jpg,79,732,1440,1183,746,124,1187,198,546,178,278,589,958,185,1661,438,564,1748,416,293,1313,1648,286,1313,,,,,,,,,,,,,,
MB-MG528-W-A.jpg,1376,827,1134,1304,1185,382,507,1613,1284,552,292,455,1048,266,934,1430,451,312,130,735,251,1201,937,203,579,237,414,1437,,,,,,,,,,
MB-SD004-S-A.jpg,893,1345,946,988,470,430,406,904,542,1133,913,458,736,341,556,1390,385,608,,,,,,,,,,,,,,,,,,,,
IN-MG638-N-B.jpg,639,426,399,1510,1642,1091,956,331,1438,537,1188,1727,609,1868,1420,1437,571,454,181,937,,,,,,,,,,,,,,,,,,
IN-MG631-N-A.jpg,261,784,618,2475,296,538,158,1916,1934,641,2095,1021,933,25,1302,113,1718,417,1821,1715,460,402,754,90,1481,233,62,1318,155,958,1627,2271,,,,,,
MN-SD002-N-B.jpg,889,240,1277,306,588,768,1063,216,752,344,1303,1078,1402,435,636,1032,654,420,1213,1291,1169,296,1128,248,1465,718,745,1244,834,286,,,,,,,,
MB-SD004-S-B.jpg,955,445,743,265,447,907,938,803,519,344,460,424,810,1113,372,556,488,1122,,,,,,,,,,,,,,,,,,,,
MN-SD002-E-B.jpg,888,583,1129,1310,955,1038,1454,252,1594,1192,1278,206,1655,903,968,395,1694,382,1191,176,1068,195,1025,276,,,,,,,,,,,,,,
MB-MG529-W-B.jpg,935,1188,691,142,1031,377,290,252,178,315,380,170,1038,825,68,1021,630,78,787,181,315,1368,900,263,462,98,20,473,,,,,,,,,,
IL-MG604-S-B.jpg,736,278,358,1472,534,1667,960,535,649,237,820,1617,535,260,587,242,454,294,1040,965,682,252,887,1379,822,381,73,905,319,400,,,,,,,,
MB-MG529-E-B.jpg,1088,615,525,329,547,1306,862,392,473,389,349,570,982,1283,1107,1016,750,349,399,446,615,315,668,337,304,692,298,852,974,493,467,1189,,,,,,
MN-MG788E-A.jpg,1360,2299,1779,787,1574,2044,890,247,1634,599,238,825,678,2178,1331,250,597,505,433,1656,1998,1524,,,,,,,,,,,,,,,,
IL-SF003-N-A.jpg,869,1449,811,87,1307,773,1012,1166,315,1445,1224,421,999,164,297,239,228,381,156,1142,218,511,651,72,112,681,,,,,,,,,,,,
IN-MG638-S-A.jpg,731,1913,637,1782,1638,762,860,127,1213,227,1511,1068,540,310,1241,1622,149,1261,566,528,1439,475,1151,1828,473,516,1044,135,,,,,,,,,,
IN-MG638-E-B.jpg,560,397,1576,805,1022,1650,1154,375,1512,1161,1252,439,294,709,826,307,612,1831,277,1463,976,299,958,1814,1342,1514,546,1744,,,,,,,,,,
MB-MG528-E-A.jpg,77,864,616,271,1196,351,708,201,342,357,1439,612,623,1749,919,213,489,297,201,518,1343,1165,503,1562,1201,1475,320,1352,,,,,,,,,,
MB-SD004-W-A.jpg,497,1099,773,230,877,1121,957,870,452,255,999,397,640,230,335,916,237,570,316,410,,,,,,,,,,,,,,,,,,
IL-MG604-W-B.jpg,746,160,909,144,600,237,1591,1001,691,2268,1200,2523,1089,225,482,1822,801,151,1358,2218,989,172,180,1257,261,676,1298,496,1500,1586,,,,,,,,
MB-MG513-W-B.jpg,363,182,1033,542,460,1438,55,496,874,1229,756,202,80,886,979,923,896,306,220,273,378,1247,,,,,,,,,,,,,,,,
MN-SD002-W-B.jpg,24,644,392,1479,744,170,110,431,924,1562,498,138,659,122,288,255,426,177,1004,1058,1113,462,1009,1362,187,1183,872,232,998,307,,,,,,,,
MN-SD001-W-B.jpg,1403,902,337,846,1395,566,301,420,654,180,1141,263,,,,,,,,,,,,,,,,,,,,,,,,,,
IL-MG604-E-A.jpg,296,504,1581,560,538,330,1327,598,782,2356,929,195,123,1170,1202,263,463,1050,572,1979,1477,1624,852,2512,,,,,,,,,,,,,,
IA-MG244-W-B.jpg,678,83,78,683,872,22,179,471,81,938,1179,164,307,329,489,1526,405,221,1403,1452,1354,1629,1535,1191,1469,412,796,1658,,,,,,,,,,
MB-MG530-W-A.jpg,139,912,307,496,1118,761,920,1534,337,1259,369,425,748,400,425,1508,1032,1283,921,502,222,625,,,,,,,,,,,,,,,,
MN-MG788S-B.jpg,1523,1759,723,2275,871,341,415,1824,1817,1224,1411,393,623,2096,183,852,1618,807,420,491,1298,2144,,,,,,,,,,,,,,,,
IA-MG244-W-A.jpg,586,110,56,718,282,1355,77,1133,183,367,242,188,1029,110,344,110,1343,332,570,1574,464,70,801,113,1390,1399,1223,1642,179,563,,,,,,,,
MB-MG513-E-B.jpg,754,254,1108,486,906,1362,376,486,1131,857,1001,1171,512,1229,889,313,391,924,514,329,260,707,,,,,,,,,,,,,,,,
MO-MG403-W-A.jpg,100,986,905,1523,75,581,887,246,917,1290,482,184,199,416,1141,598,428,1369,230,323,609,1566,664,221,,,,,,,,,,,,,,
IA-MG243-S-B.jpg,996,1145,393,1266,169,286,114,968,313,189,968,470,101,451,494,1397,93,692,152,579,690,258,972,850,514,171,273,609,,,,,,,,,,
MB-MG530-E-B.jpg,246,628,903,1151,788,1379,676,344,339,1216,411,1415,830,439,158,869,1016,589,339,431,,,,,,,,,,,,,,,,,,
MN-MG789E-A.jpg,1229,1417,1267,1346,884,191,529,311,403,1464,1019,182,670,1796,1477,557,262,533,1162,274,818,187,,,,,,,,,,,,,,,,
MB-SD005-S-B.jpg,311,474,852,1097,279,621,418,1146,456,1258,308,910,696,212,972,582,361,342,934,370,466,250,924,855,,,,,,,,,,,,,,
OH-MG805S-B.jpg,699,208,1568,1249,329,1566,1519,342,920,323,1343,1633,220,1079,248,829,1282,1877,1150,226,862,1909,792,1915,,,,,,,,,,,,,,
IL-MG603-S-A.jpg,675,2380,1500,2080,1250,2425,1160,2660,575,2097,710,282,1062,305,165,1452,457,502,602,347,1770,1322,122,1137,1285,385,1547,632,1752,837,212,655,945,277,,,,
MN-SD001-E-A.jpg,786,195,1131,991,1048,1203,1193,771,337,371,511,227,177,598,1162,423,247,860,351,1106,923,280,,,,,,,,,,,,,,,,
MN-SD002-S-A.jpg,866,80,1330,177,279,1292,1562,1265,583,1671,1560,359,1696,621,1374,1646,971,97,386,275,204,520,736,1854,592,143,,,,,,,,,,,,
OH-MG799S-A.jpg,1897,1306,244,924,1619,1744,917,1905,520,724,1347,473,1009,329,1631,1602,1453,626,694,554,618,1780,815,376,,,,,,,,,,,,,,
MO-MG403-E-B.jpg,646,124,506,1520,286,1237,1503,740,1246,189,205,495,940,1670,1007,1386,,,,,,,,,,,,,,,,,,,,,,
OK-MG282-N-B.jpg,1388,792,220,472,1204,358,995,207,485,275,122,867,404,418,267,1257,770,150,350,1542,1009,1356,875,1588,,,,,,,,,,,,,,
OK-MG282-E-B.jpg,344,255,555,1313,1176,257,200,548,1057,1348,1384,572,934,205,1268,1092,365,1023,607,128,347,904,,,,,,,,,,,,,,,,
MB-MG517-S-A.jpg,317,309,1147,490,1291,931,292,1361,197,1043,503,215,773,197,912,313,1116,1439,176,589,,,,,,,,,,,,,,,,,,
IN-MG636-S-B.jpg,1206,151,1421,1409,343,402,581,67,1190,1805,355,1411,467,187,842,50,596,1845,164,556,1522,404,960,42,,,,,,,,,,,,,,
IA-MG245-E-B.jpg,311,456,458,369,517,201,337,1591,1519,774,1280,243,138,814,1118,1814,706,74,606,95,690,1985,1596,1369,1004,149,468,1802,849,79,,,,,,,,
MB-MG518-N-B.jpg,196,498,838,613,866,1129,36,1036,,,,,,,,,,,,,,,,,,,,,,,,,,,,,,
MB-MG529-N-A.jpg,1006,1100,295,137,9,792,143,330,433,1496,54,477,848,239,233,233,1008,411,660,126,559,49,272,1276,742,170,895,1359,378,55,,,,,,,,
MN-MG790W-B.jpg,118,885,1146,642,917,1531,894,496,300,691,704,1587,554,1512,483,1401,1147,1120,1215,887,485,564,995,1398,,,,,,,,,,,,,,
MB-MG529-S-B.jpg,1198,1087,1164,296,737,29,1019,143,545,52,1294,541,150,377,1122,1367,26,666,528,1566,886,75,304,196,1081,1532,417,94,225,1251,,,,,,,,
MN-SD001-W-A.jpg,612,104,1419,480,332,329,334,956,1141,1265,155,531,873,72,1100,187,1227,967,623,1335,,,,,,,,,,,,,,,,,,
MB-MG530-W-B.jpg,718,1449,615,256,348,1384,827,1256,75,541,970,813,390,194,884,552,720,345,58,780,292,264,253,1193,,,,,,,,,,,,,,
MN-SD001-N-A.jpg,41,1100,1283,761,1256,1260,150,692,1039,453,283,437,891,356,441,297,,,,,,,,,,,,,,,,,,,,,,
MO-MG403-W-B.jpg,482,1258,658,458,1018,1269,306,828,497,488,1228,879,1120,497,535,1455,851,1506,801,374,,,,,,,,,,,,,,,,,,
IN-MG638-W-B.jpg,550,1690,379,609,1618,617,1276,279,1453,1777,1455,403,572,391,1535,1498,1745,1025,778,1861,770,244,226,868,,,,,,,,,,,,,,
IN-MG636-N-A.jpg,119,896,334,1647,503,379,671,300,1334,531,1075,283,1454,1115,1202,377,1259,1677,330,614,1434,752,1158,1953,559,1989,819,239,,,,,,,,,,
MB-SD004-N-A.jpg,771,350,832,1133,971,463,902,856,430,1096,347,433,316,834,,,,,,,,,,,,,,,,,,,,,,,,
OH-MG805E-B.jpg,1900,989,655,1525,1744,1801,1645,271,1293,140,1081,2054,904,232,570,437,,,,,,,,,,,,,,,,,,,,,,
MN-SD001-S-A.jpg,467,164,1037,269,1010,975,305,1020,249,336,171,624,856,137,1239,647,,,,,,,,,,,,,,,,,,,,,,
MN-SD003-S-A.jpg,186,1580,302,603,1578,1496,470,171,184,1059,1909,791,1494,1913,355,2001,1185,94,1423,599,,,,,,,,,,,,,,,,,,
OH-MG805N-B.jpg,1325,2103,795,2033,356,914,949,2159,1286,362,1777,1546,527,1623,1499,1881,,,,,,,,,,,,,,,,,,,,,,
IN-MG638-E-A.jpg,1560,1427,1163,202,1334,292,1825,850,1638,503,497,186,224,1590,1389,1841,242,948,648,174,618,1874,276,570,,,,,,,,,,,,,,
MB-MG530-E-A.jpg,990,516,273,251,17,785,217,380,108,471,245,1191,788,1196,883,997,560,195,720,276,,,,,,,,,,,,,,,,,,
IL-MG604-N-B.jpg,1334,1054,627,2021,500,1800,325,1475,1038,262,1040,1816,101,933,1050,1401,887,172,817,144,978,1226,766,133,700,142,647,150,430,315,,,,,,,,
IL-SF002-S-A.jpg,629,71,83,948,351,218,311,1288,1124,351,1220,755,68,506,936,185,915,1431,1119,1171,,,,,,,,,,,,,,,,,,
MB-MG517-E-A.jpg,581,318,212,521,835,484,851,1385,87,713,968,1001,959,704,136,1134,349,424,668,375,,,,,,,,,,,,,,,,,,
IL-SF002-W-B.jpg,900,688,939,1011,186,1085,359,1322,722,519,895,1273,183,628,,,,,,,,,,,,,,,,,,,,,,,,
MB-MG517-S-B.jpg,135,838,100,993,277,1301,814,382,979,625,213,478,349,405,806,1214,565,263,835,1108,103,547,660,356,,,,,,,,,,,,,,
MB-MG528-S-B.jpg,881,1165,63,733,869,199,107,500,557,1400,202,341,998,954,441,1283,318,230,632,90,1123,520,259,1130,994,334,429,133,740,133,,,,,,,,
IL-SF003-W-A.jpg,1170,1635,417,260,857,36,1105,123,1422,341,1693,572,220,656,591,130,410,1480,267,383,153,1174,519,193,1461,1267,640,1748,68,806,987,93,1251,183,,,,
MB-MG530-S-B.jpg,867,1291,933,314,1109,452,396,1310,440,161,267,1085,676,135,807,214,1028,1071,346,282,129,609,255,422,,,,,,,,,,,,,,
MO-MG402-N-B.jpg,905,1565,895,755,359,957,1009,1007,486,1440,438,786,799,644,844,1841,1001,1234,501,678,,,,,,,,,,,,,,,,,,
MB-MG518-S-A.jpg,600,389,411,362,328,1440,829,1472,341,632,297,447,278,1226,710,425,70,774,869,987,974,1156,915,628,,,,,,,,,,,,,,
IL-SF003-W-B.jpg,250,1273,689,250,313,355,1333,1367,1188,1621,514,1598,109,679,1055,262,1435,562,,,,,,,,,,,,,,,,,,,,
MO-MG404-W-A.jpg,106,1109,1050,535,77,496,1050,1450,1176,1010,357,66,285,1566,427,1885,884,1793,,,,,,,,,,,,,,,,,,,,
MB-MG516-E-B.jpg,569,484,482,488,426,1125,818,388,1068,1090,983,458,357,676,1188,684,,,,,,,,,,,,,,,,,,,,,,
IA-MG245-W-B.jpg,859,185,710,1605,85,1005,1370,548,1223,1180,522,1398,211,743,1199,1462,632,68,1077,348,1153,1601,357,530,398,201,,,,,,,,,,,,
MB-MG528-S-A.jpg,460,1187,243,163,29,508,382,110,1032,807,908,1038,278,982,643,20,815,95,104,292,989,200,1125,380,,,,,,,,,,,,,,
IL-SF003-S-A.jpg,451,1468,1014,252,1224,1035,1027,1307,314,349,1209,386,914,1503,299,1235,170,491,117,736,581,173,894,212,1298,640,443,238,,,,,,,,,,
MN-MG789W-A.jpg,461,405,299,863,1762,1363,506,1666,672,1886,1446,510,760,211,1474,2006,1132,232,1318,322,916,160,1803,835,,,,,,,,,,,,,,
MN-MG788S-A.jpg,337,567,181,1726,574,441,1898,1790,2188,1527,1434,282,1976,690,842,289,1056,186,837,2291,1719,519,1570,368,,,,,,,,,,,,,,
IA-MG244-S-D.jpg,1220,483,95,595,508,191,672,1684,909,251,751,110,58,1182,426,1501,864,216,655,83,809,160,568,139,1334,691,1032,256,1057,1594,391,231,1036,1465,1242,1057,218,370
MN-MG788W-B.jpg,189,1204,266,661,1843,1008,1037,205,1513,1211,1615,527,532,1770,685,2005,776,277,1761,670,1486,408,530,351,1258,1967,1349,1692,,,,,,,,,,
MO-MG403-S-A.jpg,401,460,1088,301,833,257,78,1097,606,2233,658,316,1308,1605,1147,2098,1308,503,1062,2438,1568,905,431,1819,,,,,,,,,,,,,,
